statute_number,section_title,popular_name,full_text_of_naming_clause,url
1-105,"Act, how cited.",Public Accountancy Act,Sections 1-105 to 1-171 shall be known and may be cited as the Public Accountancy Act.,https://nebraskalegislature.gov/laws/statutes.php?statute=1-105
2-1072,"Act, how cited.",Plant Protection and Plant Pest Act,"Sections 2-1072 to 2-10,117 shall be known and may be cited as the Plant Protection and Plant Pest Act.",https://nebraskalegislature.gov/laws/statutes.php?statute=2-1072
2-1575,"Act, how cited.",Nebraska Soil and Water Conservation Act,Sections 2-1575 to 2-1585 shall be known and may be cited as the Nebraska Soil and Water Conservation Act.,https://nebraskalegislature.gov/laws/statutes.php?statute=2-1575
2-1801,"Act, how cited; termination.",Nebraska Potato Development Act,Sections 2-1801 to 2-1811 may be cited as the Nebraska Potato Development Act.,https://nebraskalegislature.gov/laws/statutes.php?statute=2-1801
2-1813,"Act, how cited.",Nebraska Potato Inspection Act,Sections 2-1813 to 2-1825 may be cited as the Nebraska Potato Inspection Act.,https://nebraskalegislature.gov/laws/statutes.php?statute=2-1813
2-2301,"Act, how cited.",Nebraska Wheat Resources Act,Sections 2-2301 to 2-2321 shall be known and may be cited as the Nebraska Wheat Resources Act.,https://nebraskalegislature.gov/laws/statutes.php?statute=2-2301
2-250,"Act, how cited.",County Agricultural Society Act,Sections 2-250 to 2-273 shall be known and may be cited as the County Agricultural Society Act.,https://nebraskalegislature.gov/laws/statutes.php?statute=2-250
2-2622,"Act, how cited.",Pesticide Act,Sections 2-2622 to 2-2659 shall be known and may be cited as the Pesticide Act.,https://nebraskalegislature.gov/laws/statutes.php?statute=2-2622
2-301,"Act, how cited.",Community Gardens Act,Sections 2-301 to 2-304 shall be known and may be cited as the Community Gardens Act.,https://nebraskalegislature.gov/laws/statutes.php?statute=2-301
2-3101,"Act, how cited.",Nebraska Soil and Plant Analysis Laboratory Act,Sections 2-3101 to 2-3110 may be cited as the Nebraska Soil and Plant Analysis Laboratory Act.,https://nebraskalegislature.gov/laws/statutes.php?statute=2-3101
2-3401,"Act, how cited.",Nebraska Poultry and Egg Resources Act,Sections 2-3401 to 2-3416 shall be known and may be cited as the Nebraska Poultry and Egg Resources Act.,https://nebraskalegislature.gov/laws/statutes.php?statute=2-3401
2-3601,"Act, how cited.",Nebraska Corn Resources Act,Sections 2-3601 to 2-3635 shall be known and may be cited as the Nebraska Corn Resources Act.,https://nebraskalegislature.gov/laws/statutes.php?statute=2-3601
2-3735,"Act, how cited.",Dry Bean Resources Act,Sections 2-3735 to 2-3765 shall be known and may be cited as the Dry Bean Resources Act.,https://nebraskalegislature.gov/laws/statutes.php?statute=2-3735
2-3801,"Act, how cited.",Nebraska Agricultural Products Marketing Act,Sections 2-3801 to 2-3812 shall be known and may be cited as the Nebraska Agricultural Products Marketing Act.,https://nebraskalegislature.gov/laws/statutes.php?statute=2-3801
2-3948,"Act, how cited.",Dairy Industry Development Act,Sections 2-3948 to 2-3963 shall be known and may be cited as the Dairy Industry Development Act.,https://nebraskalegislature.gov/laws/statutes.php?statute=2-3948
2-3965,"Act, how cited; provisions adopted by reference; copies.",Nebraska Milk Act,(1) Sections 2-3965 to 2-3992 and the publications adopted by reference in subsections (2) and (3) of this section shall be known and may be cited as the Nebraska Milk Act.,https://nebraskalegislature.gov/laws/statutes.php?statute=2-3965
2-4001,"Act, how cited.",Grain Sorghum Resources Act,Sections 2-4001 to 2-4020 shall be known and may be cited as the Grain Sorghum Resources Act.,https://nebraskalegislature.gov/laws/statutes.php?statute=2-4001
2-405,"Resilient Soils and Water Quality Act, how cited.",Resilient Soils and Water Quality Act,Sections 2-405 to 2-409 shall be known and may be cited as the Resilient Soils and Water Quality Act.,https://nebraskalegislature.gov/laws/statutes.php?statute=2-405
2-4101,"Act, how cited.",Dry Pea and Lentil Resources Act,Sections 2-4101 to 2-4119 shall be known and may be cited as the Dry Pea and Lentil Resources Act.,https://nebraskalegislature.gov/laws/statutes.php?statute=2-4101
2-411,"Nitrogen Reduction Incentive Act, how cited.",Nitrogen Reduction Incentive Act,Sections 2-411 to 2-417 shall be known and may be cited as the Nitrogen Reduction Incentive Act.,https://nebraskalegislature.gov/laws/statutes.php?statute=2-411
2-4301,"Act, how cited.",Agricultural Liming Materials Act,Sections 2-4301 to 2-4327 shall be known and may be cited as the Agricultural Liming Materials Act.,https://nebraskalegislature.gov/laws/statutes.php?statute=2-4301
2-4401,"Act, how cited.",Nebraska Right to Farm Act,Sections 2-4401 to 2-4404 shall be known and may be cited as the Nebraska Right to Farm Act.,https://nebraskalegislature.gov/laws/statutes.php?statute=2-4401
2-4601,"Act, how cited.",Erosion and Sediment Control Act,Sections 2-4601 to 2-4613 shall be known and may be cited as the Erosion and Sediment Control Act.,https://nebraskalegislature.gov/laws/statutes.php?statute=2-4601
2-4801,"Act, how cited.",Farm Mediation Act,Sections 2-4801 to 2-4815 shall be known and may be cited as the Farm Mediation Act.,https://nebraskalegislature.gov/laws/statutes.php?statute=2-4801
2-501,"Act, how cited.",Nebraska Hemp Farming Act,Sections 2-501 to 2-518 shall be known and may be cited as the Nebraska Hemp Farming Act.,https://nebraskalegislature.gov/laws/statutes.php?statute=2-501
2-5101,"Act, how cited.",Buffer Strip Act,Sections 2-5101 to 2-5111 shall be known and may be cited as the Buffer Strip Act.,https://nebraskalegislature.gov/laws/statutes.php?statute=2-5101
2-5501,"Act, how cited.",Agricultural Suppliers Lease Protection Act,Sections 2-5501 to 2-5508 shall be known and may be cited as the Agricultural Suppliers Lease Protection Act.,https://nebraskalegislature.gov/laws/statutes.php?statute=2-5501
2-945.01,"Act, how cited.",Noxious Weed Control Act,01 to 2-970 shall be known and may be cited as the Noxious Weed Control Act.,https://nebraskalegislature.gov/laws/statutes.php?statute=2-945.01
3-154,"Act, how cited.",State Aeronautics Act,Sections 3-101 to 3-164 shall be known and may be cited as the State Aeronautics Act.,https://nebraskalegislature.gov/laws/statutes.php?statute=3-154
3-238,"Act, how cited.",Revised Airports Act,Sections 3-201 to 3-238 and 18-1502 may be cited as the Revised Airports Act.,https://nebraskalegislature.gov/laws/statutes.php?statute=3-238
3-244,"Act, how cited.",Extraterritorial Airports Act,Sections 3-240 to 3-244 may be cited as the Extraterritorial Airports Act.,https://nebraskalegislature.gov/laws/statutes.php?statute=3-244
3-333,"Act, how cited.",Airport Zoning Act,Sections 3-301 to 3-333 shall be known and may be cited as the Airport Zoning Act.,https://nebraskalegislature.gov/laws/statutes.php?statute=3-333
3-514,"Act, how cited.",Cities Airport Authorities Act,Sections 3-501 to 3-514 shall be known and may be cited as the Cities Airport Authorities Act.,https://nebraskalegislature.gov/laws/statutes.php?statute=3-514
3-716,"Act, how cited.",Joint Airport Authorities Act,Sections 3-701 to 3-716 may be cited as the Joint Airport Authorities Act.,https://nebraskalegislature.gov/laws/statutes.php?statute=3-716
4-201,"Act, how cited.",Foreign Adversary and Terrorist Agent Registration Act,Sections 4-201 to 4-213 shall be known and may be cited as the Foreign Adversary and Terrorist Agent Registration Act.,https://nebraskalegislature.gov/laws/statutes.php?statute=4-201
7-201,"Act, how cited.",Legal Education for Public Service and Rural Practice Loan Repayment Assistance Act,Sections 7-201 to 7-210 shall be known and may be cited as the Legal Education for Public Service and Rural Practice Loan Repayment Assistance Act.,https://nebraskalegislature.gov/laws/statutes.php?statute=7-201
8-101.02,"Act, how cited.",Nebraska Banking Act,"02 to 8-1,143 shall be known and may be cited as the Nebraska Banking Act.",https://nebraskalegislature.gov/laws/statutes.php?statute=8-101.02
8-1123,"Act, how cited.",Securities Act of Nebraska,Sections 8-1101 to 8-1123 shall be known and may be cited as the Securities Act of Nebraska.,https://nebraskalegislature.gov/laws/statutes.php?statute=8-1123
8-1701,"Code, how cited.",Commodity Code,Sections 8-1701 to 8-1737 shall be known and may be cited as the Commodity Code.,https://nebraskalegislature.gov/laws/statutes.php?statute=8-1701
8-201.01,"Act, how cited.",Nebraska Trust Company Act,Sections 8-201 to 8-235 shall be known and may be cited as the Nebraska Trust Company Act.,https://nebraskalegislature.gov/laws/statutes.php?statute=8-201.01
8-2101,"Act, how cited.",Interstate Branching and Merger Act,Sections 8-2101 to 8-2108 shall be known and may be cited as the Interstate Branching and Merger Act.,https://nebraskalegislature.gov/laws/statutes.php?statute=8-2101
8-2301,"Act, how cited.",Interstate Trust Company Office Act,Sections 8-2301 to 8-2313 shall be known and may be cited as the Interstate Trust Company Office Act.,https://nebraskalegislature.gov/laws/statutes.php?statute=8-2301
8-2601,"Act, how cited.",Credit Report Protection Act,Sections 8-2601 to 8-2615 shall be known and may be cited as the Credit Report Protection Act.,https://nebraskalegislature.gov/laws/statutes.php?statute=8-2601
8-2701,"Act, how cited.",Nebraska Money Transmitters Act,Sections 8-2701 to 8-2742 shall be known and may be cited as the Nebraska Money Transmitters Act.,https://nebraskalegislature.gov/laws/statutes.php?statute=8-2701
8-2904,"Act, how cited.",Nebraska Protection of Vulnerable Adults from Financial Exploitation Act,Sections 8-2904 to 8-2909 shall be known and may be cited as the Nebraska Protection of Vulnerable Adults from Financial Exploitation Act.,https://nebraskalegislature.gov/laws/statutes.php?statute=8-2904
8-3001,"Nebraska Financial Innovation Act, how cited.",Nebraska Financial Innovation Act,Sections 8-3001 to 8-3031 shall be known and may be cited as the Nebraska Financial Innovation Act.,https://nebraskalegislature.gov/laws/statutes.php?statute=8-3001
8-3032,"Controllable Electronic Record Fraud Prevention Act, how cited.",Controllable Electronic Record Fraud Prevention Act,Sections 8-3032 to 8-3042 shall be known and may be cited as the Controllable Electronic Record Fraud Prevention Act.,https://nebraskalegislature.gov/laws/statutes.php?statute=8-3032
8-3101,"Act, how cited.",LIBOR Transition Act,Sections 8-3101 to 8-3104 shall be known and may be cited as the LIBOR Transition Act.,https://nebraskalegislature.gov/laws/statutes.php?statute=8-3101
8-3201,"Act, how cited.",Uniform Special Deposits Act,Sections 8-3201 to 8-3216 shall be known and may be cited as the Uniform Special Deposits Act.,https://nebraskalegislature.gov/laws/statutes.php?statute=8-3201
8-908,"Act, how cited.",Nebraska Bank Holding Company Act of 1995,Sections 8-908 to 8-918 shall be known and may be cited as the Nebraska Bank Holding Company Act of 1995.,https://nebraskalegislature.gov/laws/statutes.php?statute=8-908
9-1101,"Act, how cited.",Nebraska Racetrack Gaming Act,Sections 9-1101 to 9-1118 and 9-1201 to 9-1209 shall be known and may be cited as the Nebraska Racetrack Gaming Act.,https://nebraskalegislature.gov/laws/statutes.php?statute=9-1101
9-1301,"Act, how cited.",Gambling Winnings Setoff for Outstanding Debt Act,Sections 9-1301 to 9-1313 shall be known and may be cited as the Gambling Winnings Setoff for Outstanding Debt Act.,https://nebraskalegislature.gov/laws/statutes.php?statute=9-1301
9-201,"Act, how cited.",Nebraska Bingo Act,Sections 9-201 to 9-266 shall be known and may be cited as the Nebraska Bingo Act.,https://nebraskalegislature.gov/laws/statutes.php?statute=9-201
9-301,"Act, how cited.",Nebraska Pickle Card Lottery Act,Sections 9-301 to 9-356 shall be known and may be cited as the Nebraska Pickle Card Lottery Act.,https://nebraskalegislature.gov/laws/statutes.php?statute=9-301
9-401,"Act, how cited.",Nebraska Lottery and Raffle Act,Sections 9-401 to 9-437 shall be known and may be cited as the Nebraska Lottery and Raffle Act.,https://nebraskalegislature.gov/laws/statutes.php?statute=9-401
9-501,"Act, how cited.",Nebraska Small Lottery and Raffle Act,Sections 9-501 to 9-513 shall be known and may be cited as the Nebraska Small Lottery and Raffle Act.,https://nebraskalegislature.gov/laws/statutes.php?statute=9-501
9-601,"Act, how cited.",Nebraska County and City Lottery Act,Sections 9-601 to 9-653 shall be known and may be cited as the Nebraska County and City Lottery Act.,https://nebraskalegislature.gov/laws/statutes.php?statute=9-601
9-801,"Act, how cited.",State Lottery Act,Sections 9-801 to 9-841 shall be known and may be cited as the State Lottery Act.,https://nebraskalegislature.gov/laws/statutes.php?statute=9-801
10-1101,"Act, how cited.",Nebraska Governmental Unit Security Interest Act,Sections 10-1101 to 10-1106 shall be known and may be cited as the Nebraska Governmental Unit Security Interest Act.,https://nebraskalegislature.gov/laws/statutes.php?statute=10-1101
10-1201,"Act, how cited.",Nebraska Governmental Unit Credit Facility Act,Sections 10-1201 to 10-1206 shall be known and may be cited as the Nebraska Governmental Unit Credit Facility Act.,https://nebraskalegislature.gov/laws/statutes.php?statute=10-1201
12-1101,"Act, how cited.",Burial Pre-Need Sale Act,Sections 12-1101 to 12-1121 shall be known and may be cited as the Burial Pre-Need Sale Act.,https://nebraskalegislature.gov/laws/statutes.php?statute=12-1101
12-1201,"Act, how cited.",Unmarked Human Burial Sites and Skeletal Remains Protection Act,Sections 12-1201 to 12-1212 shall be known and may be cited as the Unmarked Human Burial Sites and Skeletal Remains Protection Act.,https://nebraskalegislature.gov/laws/statutes.php?statute=12-1201
13-1201,"Act, how cited.",Nebraska Public Transportation Act,Sections 13-1201 to 13-1214 shall be known and may be cited as the Nebraska Public Transportation Act.,https://nebraskalegislature.gov/laws/statutes.php?statute=13-1201
13-1501,"Act, how cited.",State-Tribal Cooperative Agreements Act,Sections 13-1501 to 13-1509 shall be known and may be cited as the State-Tribal Cooperative Agreements Act.,https://nebraskalegislature.gov/laws/statutes.php?statute=13-1501
13-1601,"Act, how cited.",Political Subdivisions Self-Funding Benefits Act,Sections 13-1601 to 13-1626 shall be known and may be cited as the Political Subdivisions Self-Funding Benefits Act.,https://nebraskalegislature.gov/laws/statutes.php?statute=13-1601
13-2001,"Act, how cited.",Integrated Solid Waste Management Act,Sections 13-2001 to 13-2043 shall be known and may be cited as the Integrated Solid Waste Management Act.,https://nebraskalegislature.gov/laws/statutes.php?statute=13-2001
13-2101.01,"Act, how cited.",Enterprise Zone Act,Sections 13-2101 to 13-2112 shall be known and may be cited as the Enterprise Zone Act.,https://nebraskalegislature.gov/laws/statutes.php?statute=13-2101.01
13-2201,"Act, how cited.",Local Government Miscellaneous Expenditure Act,Sections 13-2201 to 13-2204 shall be known and may be cited as the Local Government Miscellaneous Expenditure Act.,https://nebraskalegislature.gov/laws/statutes.php?statute=13-2201
13-2501,"Act, how cited.",Joint Public Agency Act,Sections 13-2501 to 13-2550 shall be known and may be cited as the Joint Public Agency Act.,https://nebraskalegislature.gov/laws/statutes.php?statute=13-2501
13-2601,"Act, how cited.",Convention Center Facility Financing Assistance Act,Sections 13-2601 to 13-2613 shall be known and may be cited as the Convention Center Facility Financing Assistance Act.,https://nebraskalegislature.gov/laws/statutes.php?statute=13-2601
13-2701,"Act, how cited.",Civic and Community Center Financing Act,Sections 13-2701 to 13-2710 shall be known and may be cited as the Civic and Community Center Financing Act.,https://nebraskalegislature.gov/laws/statutes.php?statute=13-2701
13-2901,"Act, how cited.",Political Subdivisions Construction Alternatives Act,Sections 13-2901 to 13-2914 shall be known and may be cited as the Political Subdivisions Construction Alternatives Act.,https://nebraskalegislature.gov/laws/statutes.php?statute=13-2901
13-3101,"Act, how cited.",Sports Arena Facility Financing Assistance Act,Sections 13-3101 to 13-3110 shall be known and may be cited as the Sports Arena Facility Financing Assistance Act.,https://nebraskalegislature.gov/laws/statutes.php?statute=13-3101
13-3201,"Act, how cited.",Property Assessed Clean Energy Act,Sections 13-3201 to 13-3211 shall be known and may be cited as the Property Assessed Clean Energy Act.,https://nebraskalegislature.gov/laws/statutes.php?statute=13-3201
13-3301,"Act, how cited.",Municipal Inland Port Authority Act,Sections 13-3301 to 13-3316 shall be known and may be cited as the Municipal Inland Port Authority Act.,https://nebraskalegislature.gov/laws/statutes.php?statute=13-3301
13-3401,"Act, how cited.",Property Tax Growth Limitation Act,Sections 13-3401 to 13-3408 shall be known and may be cited as the Property Tax Growth Limitation Act.,https://nebraskalegislature.gov/laws/statutes.php?statute=13-3401
13-501,"Act, how cited.",Nebraska Budget Act,Sections 13-501 to 13-513 shall be known and may be cited as the Nebraska Budget Act.,https://nebraskalegislature.gov/laws/statutes.php?statute=13-501
13-701,"Act, how cited.",Nebraska Emergency Seat of Local Government Act,Sections 13-701 to 13-706 shall be known and may be cited as the Nebraska Emergency Seat of Local Government Act.,https://nebraskalegislature.gov/laws/statutes.php?statute=13-701
13-801,"Act, how cited.",Interlocal Cooperation Act,Sections 13-801 to 13-827 shall be known and may be cited as the Interlocal Cooperation Act.,https://nebraskalegislature.gov/laws/statutes.php?statute=13-801
13-901,"Act, how cited.",Political Subdivisions Tort Claims Act,Sections 13-901 to 13-928 shall be known and may be cited as the Political Subdivisions Tort Claims Act.,https://nebraskalegislature.gov/laws/statutes.php?statute=13-901
14-1701,"Act, how cited.",Parking Authority Law,Sections 14-1701 to 14-1725 shall be known and may be cited as the Parking Authority Law.,https://nebraskalegislature.gov/laws/statutes.php?statute=14-1701
14-1826,"Act, how cited.",Transit Authority Law,Sections 14-1801 to 14-1826 shall be known and may be cited as the Transit Authority Law.,https://nebraskalegislature.gov/laws/statutes.php?statute=14-1826
15-1102,Comprehensive plan; requirements; contents.,comprehensive plan,(1) The general plan for the improvement and development of a city of the primary class shall be known as the comprehensive plan.,https://nebraskalegislature.gov/laws/statutes.php?statute=15-1102
15-235.05,"Act, how cited.",Hospital Sinking Fund Act,05 may be cited as the Hospital Sinking Fund Act.,https://nebraskalegislature.gov/laws/statutes.php?statute=15-235.05
16-1001,"Police Officers Retirement Act, how cited; applicability.",Police Officers Retirement Act,Sections 16-1001 to 16-1019 shall be known and may be cited as the Police Officers Retirement Act and shall apply to all police officers of a city of the first class.,https://nebraskalegislature.gov/laws/statutes.php?statute=16-1001
16-1020,"Cities of the First Class Firefighters Retirement Act, how cited; applicability.",Cities of the First Class Firefighters Retirement Act,(1) Sections 16-1020 to 16-1042 shall be known and may be cited as the Cities of the First Class Firefighters Retirement Act.,https://nebraskalegislature.gov/laws/statutes.php?statute=16-1020
16-1101,"Act, how cited.",First-Class City Merger Act,Sections 16-1101 to 16-1115 shall be known and may be cited as the First-Class City Merger Act.,https://nebraskalegislature.gov/laws/statutes.php?statute=16-1101
16-672.11,Bonds; maturity; interest; rate; contractor; interest; warrants; tax levy.,storm water sewer tax,"Such tax shall be known as the storm water sewer tax, shall be payable annually, shall be collected in the same manner as general taxes, and shall be subject to the same penalties.",https://nebraskalegislature.gov/laws/statutes.php?statute=16-672.11
16-693,Bonds; tax authorized; how used.,"waterworks tax, power tax, sewerage tax, heat tax, light tax, or drainage tax, as the case may be","When any bonds shall have been issued by a city of the first class for the purpose of constructing or aiding in the construction of a system of waterworks, power plant, sewerage, heating, lighting, or drainage, there shall thereafter be levied annually upon all taxable property of such city a tax not exceeding seven cents on each one hundred dollars for every twenty thousand dollars of bonds so issued, which shall be known as the waterworks tax, power tax, sewerage tax, heat tax, light tax, or drainage tax, as the case may be, and shall be payable only in money.",https://nebraskalegislature.gov/laws/statutes.php?statute=16-693
17-925,Sewers; bonds; term; rate of interest; partial payments; final payment; contractor; interest; special assessments; tax authorized.,sewer tax,Such tax shall be known as the sewer tax and shall be payable annually in money.,https://nebraskalegislature.gov/laws/statutes.php?statute=17-925
18-2101,"Act, how cited.",Community Development Law,Sections 18-2101 to 18-2158 shall be known and may be cited as the Community Development Law.,https://nebraskalegislature.gov/laws/statutes.php?statute=18-2101
18-2401,"Act, how cited.",Municipal Cooperative Financing Act,Sections 18-2401 to 18-2485 shall be known and may be cited as the Municipal Cooperative Financing Act.,https://nebraskalegislature.gov/laws/statutes.php?statute=18-2401
18-2501,"Act, how cited; initiative and referendum; powers; use; provisions governing.",Municipal Initiative and Referendum Act,(1) Sections 18-2501 to 18-2538 shall be known and may be cited as the Municipal Initiative and Referendum Act.,https://nebraskalegislature.gov/laws/statutes.php?statute=18-2501
18-2701,"Act, how cited.",Local Option Municipal Economic Development Act,Sections 18-2701 to 18-2739 shall be known and may be cited as the Local Option Municipal Economic Development Act.,https://nebraskalegislature.gov/laws/statutes.php?statute=18-2701
18-2801,"Act, how cited.",Municipal Proprietary Function Act,Sections 18-2801 to 18-2808 shall be known and may be cited as the Municipal Proprietary Function Act.,https://nebraskalegislature.gov/laws/statutes.php?statute=18-2801
18-3101,"Act, how cited.",Municipal Custodianship for Dissolved Homeowners Associations Act,Sections 18-3101 to 18-3105 shall be known and may be cited as the Municipal Custodianship for Dissolved Homeowners Associations Act.,https://nebraskalegislature.gov/laws/statutes.php?statute=18-3101
18-3401,"Act, how cited.",Nebraska Municipal Land Bank Act,Sections 18-3401 to 18-3418 shall be known and may be cited as the Nebraska Municipal Land Bank Act.,https://nebraskalegislature.gov/laws/statutes.php?statute=18-3401
18-801,"Act, how cited.",Regional Metropolitan Transit Authority Act,Sections 18-801 to 18-825 shall be known and may be cited as the Regional Metropolitan Transit Authority Act.,https://nebraskalegislature.gov/laws/statutes.php?statute=18-801
18-804,Regional metropolitan transit authority; conversion from transit authority; vote; powers and authority; municipality; request to join; vote; decision to leave; vote; operating jurisdiction of authority.,Regional Metropolitan Transit Authority of,"As of the effective date of such conversion, to be specified at the time of such vote, such transit authority shall remain a body corporate and politic and a governmental subdivision of the State of Nebraska, but thereafter shall be known as the Regional Metropolitan Transit Authority of.",https://nebraskalegislature.gov/laws/statutes.php?statute=18-804
19-1825,"Act, how cited.",Civil Service Act,Sections 19-1825 to 19-1848 shall be known and may be cited as the Civil Service Act.,https://nebraskalegislature.gov/laws/statutes.php?statute=19-1825
19-2415,"Combined improvements; act, how cited.",Combined Improvement Act,Sections 19-2408 to 19-2415 shall be known and may be cited as the Combined Improvement Act.,https://nebraskalegislature.gov/laws/statutes.php?statute=19-2415
19-2901,"Act, how cited.",Nebraska Municipal Auditing Law,Sections 19-2901 to 19-2909 shall be known and may be cited as the Nebraska Municipal Auditing Law.,https://nebraskalegislature.gov/laws/statutes.php?statute=19-2901
19-3301,"Act, how cited.",Offstreet Parking District Act,Sections 19-3301 to 19-3326 shall be known and may be cited as the Offstreet Parking District Act.,https://nebraskalegislature.gov/laws/statutes.php?statute=19-3301
19-401,"Act, how cited; commission plan; population requirement.",Municipal Commission Plan of Government Act,Sections 19-401 to 19-433 shall be known and may be cited as the Municipal Commission Plan of Government Act.,https://nebraskalegislature.gov/laws/statutes.php?statute=19-401
19-4015,"Act, how cited.",Business Improvement District Act,Sections 19-4015 to 19-4038 shall be known and may be cited as the Business Improvement District Act.,https://nebraskalegislature.gov/laws/statutes.php?statute=19-4015
19-4624,"Act, how cited.",Municipal Natural Gas System Condemnation Act,Sections 19-4624 to 19-4645 shall be known and may be cited as the Municipal Natural Gas System Condemnation Act.,https://nebraskalegislature.gov/laws/statutes.php?statute=19-4624
19-5301,"Act, how cited.",Riverfront Development District Act,Sections 19-5301 to 19-5317 shall be known and may be cited as the Riverfront Development District Act.,https://nebraskalegislature.gov/laws/statutes.php?statute=19-5301
19-5401,"Act, how cited.",Vacant Property Registration Act,Sections 19-5401 to 19-5408 shall be known and may be cited as the Vacant Property Registration Act.,https://nebraskalegislature.gov/laws/statutes.php?statute=19-5401
19-5501,"Act, how cited.",Municipal Density and Missing Middle Housing Act,Sections 19-5501 to 19-5506 shall be known and may be cited as the Municipal Density and Missing Middle Housing Act.,https://nebraskalegislature.gov/laws/statutes.php?statute=19-5501
19-5701,"Act, how cited.",Municipality Infrastructure Aid Act,Sections 19-5701 to 19-5708 shall be known and may be cited as the Municipality Infrastructure Aid Act.,https://nebraskalegislature.gov/laws/statutes.php?statute=19-5701
19-5801,"Act, how cited.",Poverty Elimination Action Plan Act,Sections 19-5801 to 19-5805 shall be known and may be cited as the Poverty Elimination Action Plan Act.,https://nebraskalegislature.gov/laws/statutes.php?statute=19-5801
19-601,"Act, how cited.",City Manager Plan of Government Act,Sections 19-601 to 19-662 shall be known and may be cited as the City Manager Plan of Government Act.,https://nebraskalegislature.gov/laws/statutes.php?statute=19-601
20-147,"Act, how cited.",Free Flow of Information Act,Sections 20-144 to 20-147 shall be known and may be cited as the Free Flow of Information Act.,https://nebraskalegislature.gov/laws/statutes.php?statute=20-147
20-301,"Act, how cited.",Nebraska Fair Housing Act,Sections 20-301 to 20-344 shall be known and may be cited as the Nebraska Fair Housing Act.,https://nebraskalegislature.gov/laws/statutes.php?statute=20-301
20-401,"Act, how cited.",Rights of the Terminally Ill Act,Sections 20-401 to 20-416 shall be known and may be cited as the Rights of the Terminally Ill Act.,https://nebraskalegislature.gov/laws/statutes.php?statute=20-401
20-701,"Act, how cited.",First Freedom Act,Sections 20-701 to 20-705 shall be known and may be cited as the First Freedom Act.,https://nebraskalegislature.gov/laws/statutes.php?statute=20-701
20-801,"Act, how cited.",Personal Privacy Protection Act,Sections 20-801 to 20-804 shall be known and may be cited as the Personal Privacy Protection Act.,https://nebraskalegislature.gov/laws/statutes.php?statute=20-801
21-101,"Act, how cited.",Nebraska Uniform Limited Liability Company Act,(RULLCA 101) Sections 21-101 to 21-197 and 21-501 to 21-542 shall be known and may be cited as the Nebraska Uniform Limited Liability Company Act.,https://nebraskalegislature.gov/laws/statutes.php?statute=21-101
21-1401,"Terms, defined; act, how cited.",Nonstock Cooperative Marketing Act,(3) Sections 21-1401 to 21-1414 shall be known and may be cited as the Nonstock Cooperative Marketing Act.,https://nebraskalegislature.gov/laws/statutes.php?statute=21-1401
21-1701,"Act, how cited.",Credit Union Act,"Sections 21-1701 to 21-17,115 shall be known and may be cited as the Credit Union Act.",https://nebraskalegislature.gov/laws/statutes.php?statute=21-1701
21-1901,"Act, how cited.",Nebraska Nonprofit Corporation Act,"Sections 21-1901 to 21-19,177 shall be known and may be cited as the Nebraska Nonprofit Corporation Act.",https://nebraskalegislature.gov/laws/statutes.php?statute=21-1901
21-201,Short title.,Nebraska Model Business Corporation Act,"01) Sections 21-201 to 21-2,232 shall be known and may be cited as the Nebraska Model Business Corporation Act.",https://nebraskalegislature.gov/laws/statutes.php?statute=21-201
21-2101,"Act, how cited.",Nebraska Business Development Corporation Act,Sections 21-2101 to 21-2117 shall be known and may be cited as the Nebraska Business Development Corporation Act.,https://nebraskalegislature.gov/laws/statutes.php?statute=21-2101
21-2201,"Act, how cited.",Nebraska Professional Corporation Act,Sections 21-2201 to 21-2223 shall be known and may be cited as the Nebraska Professional Corporation Act.,https://nebraskalegislature.gov/laws/statutes.php?statute=21-2201
21-2318,"Act, how cited.",Nebraska Industrial Development Corporation Act,Sections 21-2301 to 21-2318 shall be known and may be cited as the Nebraska Industrial Development Corporation Act.,https://nebraskalegislature.gov/laws/statutes.php?statute=21-2318
21-2431,"Act, how cited.",Shareholders Protection Act,Sections 21-2431 to 21-2453 shall be known and may be cited as the Shareholders Protection Act.,https://nebraskalegislature.gov/laws/statutes.php?statute=21-2431
21-2501,"Act, how cited.",Name Protection Act,Sections 21-2501 to 21-2508 shall be known and may be cited as the Name Protection Act.,https://nebraskalegislature.gov/laws/statutes.php?statute=21-2501
21-2901,"Act, how cited.",Nebraska Limited Cooperative Association Act,"Sections 21-2901 to 21-29,134 shall be known and may be cited as the Nebraska Limited Cooperative Association Act.",https://nebraskalegislature.gov/laws/statutes.php?statute=21-2901
21-401,"Act, how cited.",Nebraska Benefit Corporation Act,Sections 21-401 to 21-414 shall be known and may be cited as the Nebraska Benefit Corporation Act.,https://nebraskalegislature.gov/laws/statutes.php?statute=21-401
21-501,Short title.,Nebraska Uniform Protected Series Act,Sections 21-501 to 21-542 shall be known and may be cited as the Nebraska Uniform Protected Series Act.,https://nebraskalegislature.gov/laws/statutes.php?statute=21-501
23-114.02,Comprehensive development plan; contents.,comprehensive development plan,"The general plan for the improvement and development of the county shall be known as the comprehensive development plan and shall, among other elements, include: (1) A land-use element which designates the proposed general distribution, general location, and extent of the uses of land for agriculture, housing, commerce, industry, recreation, education, public buildings and lands, and other categories of public and private use of land; (2) The general location, character, and extent of existing and proposed major streets, roads, and highways, and air and other transportation routes and facilities; (3) When a new comprehensive plan or a full update to an existing comprehensive plan is developed, an energy element which: Assesses energy infrastructure and energy use by sector, including residential, commercial, and industrial sectors; evaluates utilization of renewable energy sources; and promotes energy conservation measures that benefit the community; and (4) The general location, type, capacity, and area served of present and projected or needed community facilities including recreation facilities, schools, libraries, other public buildings, and public utilities and services.",https://nebraskalegislature.gov/laws/statutes.php?statute=23-114.02
23-174.05,County; comprehensive plan; requirements; contents.,comprehensive plan,The general plan for the improvement and development of the county outside of the jurisdiction of any city or village shall be known as the comprehensive plan.,https://nebraskalegislature.gov/laws/statutes.php?statute=23-174.05
23-2302,Retirement System for Nebraska Counties; establish; purpose; acceptance of contributions.,Retirement System for Nebraska Counties,"It shall be known as the Retirement System for Nebraska Counties, and by such name shall transact all business and hold all cash and other property as provided in the County Employees Retirement Act.",https://nebraskalegislature.gov/laws/statutes.php?statute=23-2302
23-2331,"Act, how cited.",County Employees Retirement Act,01 shall be known and may be cited as the County Employees Retirement Act.,https://nebraskalegislature.gov/laws/statutes.php?statute=23-2331
23-2517,"Act, how cited; purpose of act.",County Civil Service Act,(1) Sections 23-2517 to 23-2533 shall be known and may be cited as the County Civil Service Act.,https://nebraskalegislature.gov/laws/statutes.php?statute=23-2517
23-3101,"Act, how cited.",County Purchasing Act,Sections 23-3101 to 23-3115 shall be known and may be cited as the County Purchasing Act.,https://nebraskalegislature.gov/laws/statutes.php?statute=23-3101
23-3528,"Act, how cited.",Nebraska Local Hospital District Act,Sections 23-3528 to 23-3552 may be cited as the Nebraska Local Hospital District Act.,https://nebraskalegislature.gov/laws/statutes.php?statute=23-3528
23-3579,"Act, how cited.",Hospital Authorities Act,"Sections 23-3579 to 23-35,120 shall be known and may be cited as the Hospital Authorities Act.",https://nebraskalegislature.gov/laws/statutes.php?statute=23-3579
23-3601,"Act, how cited.",County Industrial Sewer Construction Act,Sections 23-3601 to 23-3637 shall be known and may be cited as the County Industrial Sewer Construction Act.,https://nebraskalegislature.gov/laws/statutes.php?statute=23-3601
23-3801,"Act, how cited.",Black-Tailed Prairie Dog Management Act,Sections 23-3801 to 23-3810 shall be known and may be cited as the Black-Tailed Prairie Dog Management Act.,https://nebraskalegislature.gov/laws/statutes.php?statute=23-3801
23-392,"Act, how cited.",County Horseracing Facility Bond Act,Sections 23-389 to 23-392 shall be known and may be cited as the County Horseracing Facility Bond Act.,https://nebraskalegislature.gov/laws/statutes.php?statute=23-392
23-401,"Act, how cited.",County Civil Service Commission Act,Sections 23-401 to 23-418 shall be known and may be cited as the County Civil Service Commission Act.,https://nebraskalegislature.gov/laws/statutes.php?statute=23-401
23-901,"Act, how cited.",County Budget Act of 1937,Sections 23-901 to 23-920 shall be known and may be cited as the County Budget Act of 1937.,https://nebraskalegislature.gov/laws/statutes.php?statute=23-901
24-214,Fee book; entries; duty of clerk.,Fee Book of the Clerk of the Supreme Court,"The Clerk of the Supreme Court of the State of Nebraska shall keep a book, which shall be provided by the state, and which shall be known as the Fee Book of the Clerk of the Supreme Court, and shall be a part of the records of said office, and in which shall be entered every item of fees collected by him, showing in separate columns the name of the party from whom received, the time of receiving the same, the amount received and for what service the same was charged.",https://nebraskalegislature.gov/laws/statutes.php?statute=24-214
24-701.01,"Act, how cited.",Judges Retirement Act,Sections 24-701 to 24-714 shall be known and may be cited as the Judges Retirement Act.,https://nebraskalegislature.gov/laws/statutes.php?statute=24-701.01
25-102,Parties; how designated.,plaintiff and the adverse party as the defendant,"In all civil actions, the complaining party shall be known as the plaintiff and the adverse party as the defendant.",https://nebraskalegislature.gov/laws/statutes.php?statute=25-102
"25-12,107",Short title.,Uniform Judicial Notice of Foreign Law Act,"Sections 25-12,101 to 25-12,107 may be cited as the Uniform Judicial Notice of Foreign Law Act.","https://nebraskalegislature.gov/laws/statutes.php?statute=25-12,107"
"25-12,114","Act, how cited.",Uniform Photographic Copies of Business and Public Records as Evidence Act,"Sections 25-12,112 to 25-12,114 may be cited as the Uniform Photographic Copies of Business and Public Records as Evidence Act.","https://nebraskalegislature.gov/laws/statutes.php?statute=25-12,114"
"25-12,119","Act, how cited.",Uniform Composite Reports as Evidence Act,"Sections 25-12,115 to 25-12,119 may be cited as the Uniform Composite Reports as Evidence Act.","https://nebraskalegislature.gov/laws/statutes.php?statute=25-12,119"
25-1337,Short title.,Uniform Foreign-Country Money Judgments Recognition Act,Sections 25-1337 to 25-1348 shall be known and may be cited as the Uniform Foreign-Country Money Judgments Recognition Act.,https://nebraskalegislature.gov/laws/statutes.php?statute=25-1337
25-1349,Short title.,Uniform Registration of Canadian Money Judgments Act,Sections 25-1349 to 25-1359 shall be known and may be cited as the Uniform Registration of Canadian Money Judgments Act.,https://nebraskalegislature.gov/laws/statutes.php?statute=25-1349
25-1587.01,"Act, how cited.",Nebraska Uniform Enforcement of Foreign Judgments Act,09 shall be known and may be cited as the Nebraska Uniform Enforcement of Foreign Judgments Act.,https://nebraskalegislature.gov/laws/statutes.php?statute=25-1587.01
25-1644,"Act, how cited.",Jury Selection Act,Sections 25-1644 to 25-1678 shall be known and may be cited as the Jury Selection Act.,https://nebraskalegislature.gov/laws/statutes.php?statute=25-1644
"25-21,283","Act, how cited.",Successor Asbestos-Related Liability Act,"Sections 25-21,283 to 25-21,289 shall be known and may be cited as the Successor Asbestos-Related Liability Act.","https://nebraskalegislature.gov/laws/statutes.php?statute=25-21,283"
"25-21,290","Act, how cited.",Exploited Children's Civil Remedy Act,"Sections 25-21,290 to 25-21,296 shall be known and may be cited as the Exploited Children's Civil Remedy Act.","https://nebraskalegislature.gov/laws/statutes.php?statute=25-21,290"
"25-21,297","Act, how cited.",Human Trafficking Victims Civil Remedy Act,"Sections 25-21,297 to 25-21,301 shall be known and may be cited as the Human Trafficking Victims Civil Remedy Act.","https://nebraskalegislature.gov/laws/statutes.php?statute=25-21,297"
25-2601,"Act, how cited.",Uniform Arbitration Act,Sections 25-2601 to 25-2622 shall be known and may be cited as the Uniform Arbitration Act.,https://nebraskalegislature.gov/laws/statutes.php?statute=25-2601
25-2741,"Act, how cited.",County Court Expedited Civil Actions Act,Sections 25-2741 to 25-2749 shall be known and may be cited as the County Court Expedited Civil Actions Act.,https://nebraskalegislature.gov/laws/statutes.php?statute=25-2741
25-2901,"Act, how cited.",Dispute Resolution Act,Sections 25-2901 to 25-2921 shall be known and may be cited as the Dispute Resolution Act.,https://nebraskalegislature.gov/laws/statutes.php?statute=25-2901
25-2930,"Act, how cited.",Uniform Mediation Act,Sections 25-2930 to 25-2942 shall be known and may be cited as the Uniform Mediation Act.,https://nebraskalegislature.gov/laws/statutes.php?statute=25-2930
25-3101,"Structured Settlements Transfers Protection Act, how cited.",Structured Settlements Transfers Protection Act,Sections 25-3101 to 25-3107 shall be known and may be cited as the Structured Settlements Transfers Protection Act.,https://nebraskalegislature.gov/laws/statutes.php?statute=25-3101
25-3108,"Nebraska Statutory Thresholds for Settlements Involving Minors Act, how cited.",Nebraska Statutory Thresholds for Settlements Involving Minors Act,Sections 25-3108 to 25-3110 shall be known and cited as the Nebraska Statutory Thresholds for Settlements Involving Minors Act.,https://nebraskalegislature.gov/laws/statutes.php?statute=25-3108
25-3201,"Act, how cited.",Uniform Conflict of Laws Limitations Act,Sections 25-3201 to 25-3207 shall be known and may be cited as the Uniform Conflict of Laws Limitations Act.,https://nebraskalegislature.gov/laws/statutes.php?statute=25-3201
25-3301,"Act, how cited.",Nonrecourse Civil Litigation Act,Sections 25-3301 to 25-3309 shall be known and may be cited as the Nonrecourse Civil Litigation Act.,https://nebraskalegislature.gov/laws/statutes.php?statute=25-3301
25-3501,"Act, how cited.",Uniform Civil Remedies for Unauthorized Disclosure of Intimate Images Act,Sections 25-3501 to 25-3508 shall be known and may be cited as the Uniform Civil Remedies for Unauthorized Disclosure of Intimate Images Act.,https://nebraskalegislature.gov/laws/statutes.php?statute=25-3501
25-3601,"Act, how cited.",COVID-19 Liability Act,Sections 25-3601 to 25-3604 shall be known and may be cited as the COVID-19 Liability Act.,https://nebraskalegislature.gov/laws/statutes.php?statute=25-3601
25-417,"Act, how cited.",Model Uniform Choice of Forum Act,Sections 25-413 to 25-417 may be cited as the Model Uniform Choice of Forum Act.,https://nebraskalegislature.gov/laws/statutes.php?statute=25-417
26-101,"Act, how cited.",Protection Orders Act,Sections 26-101 to 26-125 shall be known and may be cited as the Protection Orders Act.,https://nebraskalegislature.gov/laws/statutes.php?statute=26-101
27-1103,"Rule 1103. Act, how cited.",Nebraska Evidence Rules,These rules may be known and cited as the Nebraska Evidence Rules.,https://nebraskalegislature.gov/laws/statutes.php?statute=27-1103
28-101,"Code, how cited.",Nebraska Criminal Code,"Sections 28-101 to 28-1357, 28-1601 to 28-1603, and 28-1701 shall be known and may be cited as the Nebraska Criminal Code.",https://nebraskalegislature.gov/laws/statutes.php?statute=28-101
28-1341,"Act, how cited.",Computer Crimes Act,Sections 28-1341 to 28-1348 shall be known and may be cited as the Computer Crimes Act.,https://nebraskalegislature.gov/laws/statutes.php?statute=28-1341
28-1352,"Act, how cited.",Public Protection Act,Sections 28-1352 to 28-1356 shall be known and may be cited as the Public Protection Act.,https://nebraskalegislature.gov/laws/statutes.php?statute=28-1352
28-1801,"Act, how cited.",Child Sexual Abuse Material Prevention Act,Sections 28-1801 to 28-1806 shall be known and may be cited as the Child Sexual Abuse Material Prevention Act.,https://nebraskalegislature.gov/laws/statutes.php?statute=28-1801
28-1901,"Act, how cited.",Crush Transnational Repression in Nebraska Act,Sections 28-1901 to 28-1908 shall be known and may be cited as the Crush Transnational Repression in Nebraska Act.,https://nebraskalegislature.gov/laws/statutes.php?statute=28-1901
"28-3,102","Act, how cited.",Pain-Capable Unborn Child Protection Act,"Sections 28-3,102 to 28-3,111 shall be known and may be cited as the Pain-Capable Unborn Child Protection Act.","https://nebraskalegislature.gov/laws/statutes.php?statute=28-3,102"
28-348,"Act, how cited.",Adult Protective Services Act,Sections 28-348 to 28-387 shall be known and may be cited as the Adult Protective Services Act.,https://nebraskalegislature.gov/laws/statutes.php?statute=28-348
28-388,"Act, how cited.",Homicide of the Unborn Child Act,Sections 28-388 to 28-394 shall be known and may be cited as the Homicide of the Unborn Child Act.,https://nebraskalegislature.gov/laws/statutes.php?statute=28-388
28-395,"Act, how cited.",Assault of an Unborn Child Act,"Sections 28-395 to 28-3,101 shall be known and may be cited as the Assault of an Unborn Child Act.",https://nebraskalegislature.gov/laws/statutes.php?statute=28-395
28-401.01,"Act, how cited.",Uniform Controlled Substances Act,01 and 28-458 to 28-476 shall be known and may be cited as the Uniform Controlled Substances Act.,https://nebraskalegislature.gov/laws/statutes.php?statute=28-401.01
28-641,"Counterfeit airbags; act, how cited.",Counterfeit Airbag Prevention Act,Sections 28-641 to 28-644 shall be known and may be cited as the Counterfeit Airbag Prevention Act.,https://nebraskalegislature.gov/laws/statutes.php?statute=28-641
28-710,"Act, how cited; terms, defined.",Child Protection and Family Safety Act,(1) Sections 28-710 to 28-727 shall be known and may be cited as the Child Protection and Family Safety Act.,https://nebraskalegislature.gov/laws/statutes.php?statute=28-710
29-1911,"Act, how cited.",Uniform Act to Secure the Attendance of Witnesses from Without a State in Criminal Proceedings,Sections 29-1906 to 29-1911 may be cited as the Uniform Act to Secure the Attendance of Witnesses from Without a State in Criminal Proceedings.,https://nebraskalegislature.gov/laws/statutes.php?statute=29-1911
29-2269,"Act, how cited.",Nebraska Probation Administration Act,Sections 29-2243 to 29-2269 shall be known and may be cited as the Nebraska Probation Administration Act.,https://nebraskalegislature.gov/laws/statutes.php?statute=29-2269
29-2639,"Compact, how cited.",Interstate Compact for Adult Offender Supervision,Sections 29-2639 and 29-2640 shall be known and may be cited as the Interstate Compact for Adult Offender Supervision.,https://nebraskalegislature.gov/laws/statutes.php?statute=29-2639
29-2922,"Act, how cited.",Convicted Sex Offender Act,Sections 29-2922 to 29-2936 shall be known and may be cited as the Convicted Sex Offender Act.,https://nebraskalegislature.gov/laws/statutes.php?statute=29-2922
29-3106,"Act, how cited.",Uniform Rendition of Accused Persons Act,Sections 29-3101 to 29-3106 may be cited as the Uniform Rendition of Accused Persons Act.,https://nebraskalegislature.gov/laws/statutes.php?statute=29-3106
29-3210,"Act, how cited.",Uniform Rendition of Prisoners as Witnesses in Criminal Proceedings Act,Sections 29-3201 to 29-3210 may be cited as the Uniform Rendition of Prisoners as Witnesses in Criminal Proceedings Act.,https://nebraskalegislature.gov/laws/statutes.php?statute=29-3210
29-3501,"Security, Privacy, and Dissemination of Criminal History Information Act, how cited.","Security, Privacy","Sections 29-209, 29-210, 29-3501 to 29-3528, and 81-1423 shall be known and may be cited as the Security, Privacy, and Dissemination of Criminal History Information Act.",https://nebraskalegislature.gov/laws/statutes.php?statute=29-3501
29-3919,"Act, how cited.",County Revenue Assistance Act,Sections 29-3919 to 29-3933 shall be known and may be cited as the County Revenue Assistance Act.,https://nebraskalegislature.gov/laws/statutes.php?statute=29-3919
29-4001,"Act, how cited.",Sex Offender Registration Act,Sections 29-4001 to 29-4014 shall be known and may be cited as the Sex Offender Registration Act.,https://nebraskalegislature.gov/laws/statutes.php?statute=29-4001
29-4015,"Act, how cited.",Sexual Predator Residency Restriction Act,Sections 29-4015 to 29-4017 shall be known and may be cited as the Sexual Predator Residency Restriction Act.,https://nebraskalegislature.gov/laws/statutes.php?statute=29-4015
29-4101,"Act, how cited.",DNA Identification Information Act,01 shall be known and may be cited as the DNA Identification Information Act.,https://nebraskalegislature.gov/laws/statutes.php?statute=29-4101
29-4116,"Act, how cited.",DNA Testing Act,Sections 29-4116 to 29-4125 shall be known and may be cited as the DNA Testing Act.,https://nebraskalegislature.gov/laws/statutes.php?statute=29-4116
29-421,"Act, how cited.",Uniform Act on Fresh Pursuit,Sections 29-416 to 29-421 shall be known and may be cited as the Uniform Act on Fresh Pursuit.,https://nebraskalegislature.gov/laws/statutes.php?statute=29-421
29-4308,"Act, how cited.",Sexual Assault Victims' Bill of Rights Act,Sections 29-4308 to 29-4315 shall be known and may be cited as the Sexual Assault Victims' Bill of Rights Act.,https://nebraskalegislature.gov/laws/statutes.php?statute=29-4308
29-4601,"Act, how cited.",Nebraska Claims for Wrongful Conviction and Imprisonment Act,Sections 29-4601 to 29-4608 shall be known and may be cited as the Nebraska Claims for Wrongful Conviction and Imprisonment Act.,https://nebraskalegislature.gov/laws/statutes.php?statute=29-4601
29-758,"Act, how cited.",Uniform Criminal Extradition Act,Sections 29-729 to 29-758 may be cited as the Uniform Criminal Extradition Act.,https://nebraskalegislature.gov/laws/statutes.php?statute=29-758
30-128,"Act, how cited.",Uniform Simultaneous Death Act,Sections 30-121 to 30-128 may be cited as the Uniform Simultaneous Death Act.,https://nebraskalegislature.gov/laws/statutes.php?statute=30-128
30-201,"Act, how cited; terms, defined.",Uniform Wills Recognition Act (1977),Sections 30-201 to 30-209 shall be known and may be cited as the Uniform Wills Recognition Act (1977).,https://nebraskalegislature.gov/laws/statutes.php?statute=30-201
30-2201,Short title.,Nebraska Probate Code,"Sections 30-401 to 30-406, 30-701 to 30-713, 30-2201 to 30-2902, 30-3901 to 30-3923, 30-4001 to 30-4045, and 30-4201 to 30-4210 and the Public Guardianship Act shall be known and may be cited as the Nebraska Probate Code.",https://nebraskalegislature.gov/laws/statutes.php?statute=30-2201
30-3116,"Act, how cited.",Uniform Principal and Income Act,Sections 30-3116 to 30-3149 shall be known and may be cited as the Uniform Principal and Income Act.,https://nebraskalegislature.gov/laws/statutes.php?statute=30-3116
30-3501,"Act, how cited.",Nebraska Uniform Custodial Trust Act,Sections 30-3501 to 30-3522 shall be known and may be cited as the Nebraska Uniform Custodial Trust Act.,https://nebraskalegislature.gov/laws/statutes.php?statute=30-3501
30-3601,"Act, how cited.",Uniform Testamentary Additions to Trusts Act (1991),Sections 30-3601 to 30-3604 shall be known and may be cited as the Uniform Testamentary Additions to Trusts Act (1991).,https://nebraskalegislature.gov/laws/statutes.php?statute=30-3601
30-3801,"(UTC 101) Code, how cited.",Nebraska Uniform Trust Code,"(UTC 101) Sections 30-3801 to 30-38,115 shall be known and may be cited as the Nebraska Uniform Trust Code.",https://nebraskalegislature.gov/laws/statutes.php?statute=30-3801
30-3901,"Act, how cited.",Nebraska Uniform Adult Guardianship and Protective Proceedings Jurisdiction Act,Sections 30-3901 to 30-3923 shall be known and may be cited as the Nebraska Uniform Adult Guardianship and Protective Proceedings Jurisdiction Act.,https://nebraskalegislature.gov/laws/statutes.php?statute=30-3901
30-4001,"Act, how cited.",Nebraska Uniform Power of Attorney Act,Sections 30-4001 to 30-4045 may be cited as the Nebraska Uniform Power of Attorney Act.,https://nebraskalegislature.gov/laws/statutes.php?statute=30-4001
30-4101,"Act, how cited.",Public Guardianship Act,Sections 30-4101 to 30-4118 shall be known and may be cited as the Public Guardianship Act.,https://nebraskalegislature.gov/laws/statutes.php?statute=30-4101
30-4104,Office of Public Guardian; created; Public Guardian; qualifications; duties; multidisciplinary team; members; associate public guardian legal counsel.,Public Guardian,The State Court Administrator shall appoint a director of the office who shall be known as the Public Guardian.,https://nebraskalegislature.gov/laws/statutes.php?statute=30-4104
30-4301,"(UDTA 1) Act, how cited.",Nebraska Uniform Directed Trust Act,(UDTA 1) Sections 30-4301 to 30-4319 shall be known and may be cited as the Nebraska Uniform Directed Trust Act.,https://nebraskalegislature.gov/laws/statutes.php?statute=30-4301
30-4401,"Act, how cited.",Advance Mental Health Care Directives Act,Sections 30-4401 to 30-4415 shall be known and may be cited as the Advance Mental Health Care Directives Act.,https://nebraskalegislature.gov/laws/statutes.php?statute=30-4401
30-4501,"Act, how cited.",Uniform Trust Decanting Act,Sections 30-4501 to 30-4529 shall be known and may be cited as the Uniform Trust Decanting Act.,https://nebraskalegislature.gov/laws/statutes.php?statute=30-4501
30-4601,Short title.,Uniform Powers of Appointment Act,Sections 30-4601 to 30-4638 shall be known and may be cited as the Uniform Powers of Appointment Act.,https://nebraskalegislature.gov/laws/statutes.php?statute=30-4601
30-4701,"Act, how cited.",Uniform Community Property Disposition at Death Act,Sections 30-4701 to 30-4715 shall be known and may be cited as the Uniform Community Property Disposition at Death Act.,https://nebraskalegislature.gov/laws/statutes.php?statute=30-4701
30-501,"Act, how cited.",Revised Uniform Fiduciary Access to Digital Assets Act (2015),Sections 30-501 to 30-518 shall be known and may be cited as the Revised Uniform Fiduciary Access to Digital Assets Act (2015).,https://nebraskalegislature.gov/laws/statutes.php?statute=30-501
30-601,"Act, how cited.",Health Care Surrogacy Act,Sections 30-601 to 30-619 shall be known and may be cited as the Health Care Surrogacy Act.,https://nebraskalegislature.gov/laws/statutes.php?statute=30-601
31-739,District; bonds; interest; tax levies; restrictions; treasurer; duties; collection of charges other than taxes; disbursement of funds.,bond tax levy of the district,Such levy shall be known as the bond tax levy of the district.,https://nebraskalegislature.gov/laws/statutes.php?statute=31-739
31-739,District; bonds; interest; tax levies; restrictions; treasurer; duties; collection of charges other than taxes; disbursement of funds.,operating levy of the district,Such levy shall be known as the operating levy of the district.,https://nebraskalegislature.gov/laws/statutes.php?statute=31-739
31-739,District; bonds; interest; tax levies; restrictions; treasurer; duties; collection of charges other than taxes; disbursement of funds.,service fee fund of the district,"(3) Except as provided in subsection (5) of this section, the trustees or administrator of the district may authorize the clerk or appoint an independent agent to collect service charges and all items other than taxes, connection charges, special assessments, and funds from sale of bonds and warrants, but all funds so collected shall, at least once each month, be remitted to the treasurer to be held in a fund, separate from the general fund or construction fund of the district, which shall be known as the service fee fund of the district.",https://nebraskalegislature.gov/laws/statutes.php?statute=31-739
31-755,Improvements; bonds; warrants; procedure; issuance; negotiability; extension of due date; hearing; interest; levy; sinking fund; tax.,sanitary and improvement district bond tax levy,Such tax levy shall be known as the sanitary and improvement district bond tax levy and shall be payable annually in money.,https://nebraskalegislature.gov/laws/statutes.php?statute=31-755
31-779,Administrator; levy; administration tax; use; administrator; fee; expenses.,administration tax and which shall be separately accounted for by the treasurer of the district,(1) The administrator may levy a separate tax upon the taxable value of the taxable property in the district which shall be known as the administration tax and which shall be separately accounted for by the treasurer of the district.,https://nebraskalegislature.gov/laws/statutes.php?statute=31-779
31-933,"Act, how cited.",County Drainage Act,Sections 31-901 to 31-933 shall be known and may be cited as the County Drainage Act.,https://nebraskalegislature.gov/laws/statutes.php?statute=31-933
32-101,"Act, how cited.",Election Act,Sections 32-101 to 32-1552 shall be known and may be cited as the Election Act.,https://nebraskalegislature.gov/laws/statutes.php?statute=32-101
32-540,Metropolitan utilities district; board of directors; election subdivisions; board; duties; nonpartisan ballot; terms; qualifications.,outside member,"(1) Except as otherwise provided in subsection (2) of this section, in each metropolitan utilities district service area, two of the members of the board of directors shall be chosen at large by the registered voters within the district at the time of the statewide primary and statewide general elections held in the even-numbered years, except that at the primary and general elections held in 1978 and every six years thereafter, three members, one of whom shall be known as the outside member, shall be elected at large by the registered voters within the district.",https://nebraskalegislature.gov/laws/statutes.php?statute=32-540
33-131,County officers; records; duties.,fee book,"The sheriffs, county judges, county treasurers, county clerks, and registers of deeds of the several counties of the state shall each keep a book, unless authorized to use a computerized system, which shall be provided by the county, which shall be known as the fee book, which shall be a part of the records of such office, and in which shall be entered each and every item of fees collected showing in separate columns the name of the party from whom received, the date of receiving the same, the amount received, and for what service the same was charged.",https://nebraskalegislature.gov/laws/statutes.php?statute=33-131
35-1002,"Act, how cited.",Firefighter Cancer Benefits Act,Sections 35-1002 to 35-1010 shall be known and may be cited as the Firefighter Cancer Benefits Act.,https://nebraskalegislature.gov/laws/statutes.php?statute=35-1002
35-1201,"Act, how cited.",Mutual Finance Assistance Act,Sections 35-1201 to 35-1207 shall be known and may be cited as the Mutual Finance Assistance Act.,https://nebraskalegislature.gov/laws/statutes.php?statute=35-1201
35-1301,"Act, how cited.",Volunteer Emergency Responders Recruitment and Retention Act,Sections 35-1301 to 35-1330 shall be known and may be cited as the Volunteer Emergency Responders Recruitment and Retention Act.,https://nebraskalegislature.gov/laws/statutes.php?statute=35-1301
35-1401,"Act, how cited.",Volunteer Emergency Responders Job Protection Act,Sections 35-1401 to 35-1408 shall be known and may be cited as the Volunteer Emergency Responders Job Protection Act.,https://nebraskalegislature.gov/laws/statutes.php?statute=35-1401
36-801,Short title.,Uniform Voidable Transactions Act,Sections 36-801 to 36-815 shall be known and may be cited as the Uniform Voidable Transactions Act.,https://nebraskalegislature.gov/laws/statutes.php?statute=36-801
37-1001,"Act, how cited; termination.",Trail Development Assistance Act,Sections 37-1001 to 37-1008 shall be known and may be cited as the Trail Development Assistance Act.,https://nebraskalegislature.gov/laws/statutes.php?statute=37-1001
37-1201,"Act, how cited; declaration of policy.",State Boat Act,"Sections 37-1201 to 37-12,110 shall be known and may be cited as the State Boat Act.",https://nebraskalegislature.gov/laws/statutes.php?statute=37-1201
37-1301,"Act, how cited.",Nebraska Shooting Range Protection Act,Sections 37-1301 to 37-1310 shall be known and may be cited as the Nebraska Shooting Range Protection Act.,https://nebraskalegislature.gov/laws/statutes.php?statute=37-1301
37-1701,"Act, how cited.",State Park System Construction Alternatives Act,Sections 37-1701 to 37-1732 shall be known and may be cited as the State Park System Construction Alternatives Act.,https://nebraskalegislature.gov/laws/statutes.php?statute=37-1701
37-1801,"Act, how cited.",Water Recreation Enhancement Act,Sections 37-1801 to 37-1803 shall be known and may be cited as the Water Recreation Enhancement Act.,https://nebraskalegislature.gov/laws/statutes.php?statute=37-1801
37-201,"Law, how cited.",Game Law,Sections 37-201 to 37-814 and 37-1501 to 37-1510 and the State Park System Construction Alternatives Act shall be known and may be cited as the Game Law.,https://nebraskalegislature.gov/laws/statutes.php?statute=37-201
37-716,Nebraska Natural Areas Register; created; registration; criteria.,Nebraska Natural Areas Register,(1) The commission shall create and maintain a state register of those natural areas which possess significant natural heritage resources which shall be known as the Nebraska Natural Areas Register.,https://nebraskalegislature.gov/laws/statutes.php?statute=37-716
37-801,"Act, how cited.",Nongame and Endangered Species Conservation Act,Sections 37-801 to 37-814 shall be known and may be cited as the Nongame and Endangered Species Conservation Act.,https://nebraskalegislature.gov/laws/statutes.php?statute=37-801
38-1001,"Act, how cited.","Cosmetology, Electrology, Esthetics, Nail Technology","Sections 38-1001 to 38-10,172 shall be known and may be cited as the Cosmetology, Electrology, Esthetics, Nail Technology, and Body Art Practice Act.",https://nebraskalegislature.gov/laws/statutes.php?statute=38-1001
38-101,"Act, how cited.",Uniform Credentialing Act,"Sections 38-101 to 38-1,148 and the following practice acts shall be known and may be cited as the Uniform Credentialing Act: (1) The Advanced Practice Registered Nurse Practice Act; (2) The Alcohol and Drug Counseling Practice Act; (3) The Athletic Training Practice Act; (4) The Audiology and Speech-Language Pathology Practice Act; (5) The Behavior Analyst Practice Act; (6) The Certified Nurse Midwifery Practice Act; (7) The Certified Registered Nurse Anesthetist Practice Act; (8) The Chiropractic Practice Act; (9) The Clinical Nurse Specialist Practice Act; (10) The Cosmetology, Electrology, Esthetics, Nail Technology, and Body Art Practice Act; (11) The Dentistry Practice Act; (12) The Dialysis Patient Care Technician Registration Act; (13) The Emergency Medical Services Practice Act; (14) The Environmental Health Specialists Practice Act; (15) The Funeral Directing and Embalming Practice Act; (16) The Genetic Counseling Practice Act; (17) The Hearing Instrument Specialists Practice Act; (18) The Licensed Practical Nurse-Certified Practice Act until November 1, 2017; (19) The Massage Therapy Practice Act; (20) The Medical Nutrition Therapy Practice Act; (21) The Medical Radiography Practice Act; (22) The Medicine and Surgery Practice Act; (23) The Mental Health Practice Act; (24) The Nurse Practice Act; (25) The Nurse Practitioner Practice Act; (26) The Nursing Home Administrator Practice Act; (27) The Occupational Therapy Practice Act; (28) The Optometry Practice Act; (29) The Perfusion Practice Act; (30) The Pharmacy Practice Act; (31) The Physical Therapy Practice Act; (32) The Podiatry Practice Act; (33) The Psychology Practice Act; (34) The Respiratory Care Practice Act; (35) The Surgical First Assistant Practice Act; and (36) The Veterinary Medicine and Surgery Practice Act.",https://nebraskalegislature.gov/laws/statutes.php?statute=38-101
38-1101,"Act, how cited.",Dentistry Practice Act,Sections 38-1101 to 38-1153 shall be known and may be cited as the Dentistry Practice Act.,https://nebraskalegislature.gov/laws/statutes.php?statute=38-1101
38-1149,Office of Oral Health and Dentistry; Dental Health Director; appointment.,Dental Health Director,The head of such office shall be known as the Dental Health Director and shall be appointed by the department.,https://nebraskalegislature.gov/laws/statutes.php?statute=38-1149
38-1201,"Act, how cited.",Emergency Medical Services Practice Act,Sections 38-1201 to 38-1239 shall be known and may be cited as the Emergency Medical Services Practice Act.,https://nebraskalegislature.gov/laws/statutes.php?statute=38-1201
38-1301,"Act, how cited.",Environmental Health Specialists Practice Act,Sections 38-1301 to 38-1315 shall be known and may be cited as the Environmental Health Specialists Practice Act.,https://nebraskalegislature.gov/laws/statutes.php?statute=38-1301
38-1401,"Act, how cited.",Funeral Directing and Embalming Practice Act,Sections 38-1401 to 38-1432 shall be known and may be cited as the Funeral Directing and Embalming Practice Act.,https://nebraskalegislature.gov/laws/statutes.php?statute=38-1401
38-1501,"Act, how cited.",Hearing Instrument Specialists Practice Act,Sections 38-1501 to 38-1528 shall be known and may be cited as the Hearing Instrument Specialists Practice Act.,https://nebraskalegislature.gov/laws/statutes.php?statute=38-1501
38-1701,"Act, how cited.",Massage Therapy Practice Act,Sections 38-1701 to 38-1725 shall be known and may be cited as the Massage Therapy Practice Act.,https://nebraskalegislature.gov/laws/statutes.php?statute=38-1701
38-1801,"Act, how cited.",Medical Nutrition Therapy Practice Act,Sections 38-1801 to 38-1823 shall be known and may be cited as the Medical Nutrition Therapy Practice Act.,https://nebraskalegislature.gov/laws/statutes.php?statute=38-1801
38-1901,"Act, how cited.",Medical Radiography Practice Act,Sections 38-1901 to 38-1920 shall be known and may be cited as the Medical Radiography Practice Act.,https://nebraskalegislature.gov/laws/statutes.php?statute=38-1901
38-2001,"Act, how cited.",Medicine and Surgery Practice Act,Sections 38-2001 to 38-2064 shall be known and may be cited as the Medicine and Surgery Practice Act.,https://nebraskalegislature.gov/laws/statutes.php?statute=38-2001
38-201,"Act, how cited.",Advanced Practice Registered Nurse Practice Act,Sections 38-201 to 38-213 shall be known and may be cited as the Advanced Practice Registered Nurse Practice Act.,https://nebraskalegislature.gov/laws/statutes.php?statute=38-201
38-2101,"Act, how cited.",Mental Health Practice Act,Sections 38-2101 to 38-2147 shall be known and may be cited as the Mental Health Practice Act.,https://nebraskalegislature.gov/laws/statutes.php?statute=38-2101
38-2201,"Act, how cited.",Nurse Practice Act,Sections 38-2201 to 38-2238 shall be known and may be cited as the Nurse Practice Act.,https://nebraskalegislature.gov/laws/statutes.php?statute=38-2201
38-2301,"Act, how cited.",Nurse Practitioner Practice Act,Sections 38-2301 to 38-2324 shall be known and may be cited as the Nurse Practitioner Practice Act.,https://nebraskalegislature.gov/laws/statutes.php?statute=38-2301
38-2401,"Act, how cited.",Nursing Home Administrator Practice Act,Sections 38-2401 to 38-2426 shall be known and may be cited as the Nursing Home Administrator Practice Act.,https://nebraskalegislature.gov/laws/statutes.php?statute=38-2401
38-2501,"Act, how cited.",Occupational Therapy Practice Act,Sections 38-2501 to 38-2531 shall be known and may be cited as the Occupational Therapy Practice Act.,https://nebraskalegislature.gov/laws/statutes.php?statute=38-2501
38-2601,"Act, how cited.",Optometry Practice Act,Sections 38-2601 to 38-2623 shall be known and may be cited as the Optometry Practice Act.,https://nebraskalegislature.gov/laws/statutes.php?statute=38-2601
38-2701,"Act, how cited.",Perfusion Practice Act,Sections 38-2701 to 38-2711 shall be known and may be cited as the Perfusion Practice Act.,https://nebraskalegislature.gov/laws/statutes.php?statute=38-2701
"38-28,108","Nebraska Drug Product Selection Act; act, how cited.",Nebraska Drug Product Selection Act,"Sections 38-28,108 to 38-28,116 shall be known and may be cited as the Nebraska Drug Product Selection Act.","https://nebraskalegislature.gov/laws/statutes.php?statute=38-28,108"
38-2801,"Act, how cited.",Pharmacy Practice Act,"Sections 38-2801 to 38-28,117 and the Nebraska Drug Product Selection Act shall be known and may be cited as the Pharmacy Practice Act.",https://nebraskalegislature.gov/laws/statutes.php?statute=38-2801
38-2901,"Act, how cited.",Physical Therapy Practice Act,Sections 38-2901 to 38-2929 shall be known and may be cited as the Physical Therapy Practice Act.,https://nebraskalegislature.gov/laws/statutes.php?statute=38-2901
38-3001,"Act, how cited.",Podiatry Practice Act,Sections 38-3001 to 38-3014 shall be known and may be cited as the Podiatry Practice Act.,https://nebraskalegislature.gov/laws/statutes.php?statute=38-3001
38-301,"Act, how cited.",Alcohol and Drug Counseling Practice Act,Sections 38-301 to 38-321 shall be known and may be cited as the Alcohol and Drug Counseling Practice Act.,https://nebraskalegislature.gov/laws/statutes.php?statute=38-301
38-3101,"Act, how cited.",Psychology Practice Act,Sections 38-3101 to 38-3133 shall be known and may be cited as the Psychology Practice Act.,https://nebraskalegislature.gov/laws/statutes.php?statute=38-3101
38-3201,"Act, how cited.",Respiratory Care Practice Act,Sections 38-3201 to 38-3216 shall be known and may be cited as the Respiratory Care Practice Act.,https://nebraskalegislature.gov/laws/statutes.php?statute=38-3201
38-3301,"Act, how cited.",Veterinary Medicine and Surgery Practice Act,Sections 38-3301 to 38-3335 shall be known and may be cited as the Veterinary Medicine and Surgery Practice Act.,https://nebraskalegislature.gov/laws/statutes.php?statute=38-3301
38-3401,"Act, how cited.",Genetic Counseling Practice Act,Sections 38-3401 to 38-3425 shall be known and may be cited as the Genetic Counseling Practice Act.,https://nebraskalegislature.gov/laws/statutes.php?statute=38-3401
38-3501,"Act, how cited.",Surgical First Assistant Practice Act,Sections 38-3501 to 38-3517 shall be known and may be cited as the Surgical First Assistant Practice Act.,https://nebraskalegislature.gov/laws/statutes.php?statute=38-3501
38-3601,Compact; citation.,Interstate Medical Licensure Compact,Sections 38-3601 to 38-3625 shall be known and may be cited as the Interstate Medical Licensure Compact.,https://nebraskalegislature.gov/laws/statutes.php?statute=38-3601
38-3701,"Act, how cited.",Dialysis Patient Care Technician Registration Act,Sections 38-3701 to 38-3707 shall be known and may be cited as the Dialysis Patient Care Technician Registration Act.,https://nebraskalegislature.gov/laws/statutes.php?statute=38-3701
38-401,"Act, how cited.",Athletic Training Practice Act,Sections 38-401 to 38-414 shall be known and may be cited as the Athletic Training Practice Act.,https://nebraskalegislature.gov/laws/statutes.php?statute=38-401
38-4401,"Act, how cited.",Behavior Analyst Practice Act,Sections 38-4401 to 38-4414 shall be known and may be cited as the Behavior Analyst Practice Act.,https://nebraskalegislature.gov/laws/statutes.php?statute=38-4401
38-4501,Social Worker Licensure Compact.,Social Worker Licensure Compact,This section shall be known and may be cited as the Social Worker Licensure Compact.,https://nebraskalegislature.gov/laws/statutes.php?statute=38-4501
38-4601,Physician Assistant (PA) Licensure Compact.,Physician Assistant (PA) Licensure Compact,This section shall be known and may be cited as the Physician Assistant (PA) Licensure Compact.,https://nebraskalegislature.gov/laws/statutes.php?statute=38-4601
38-4701,Dietitian Licensure Compact.,Dietitian Licensure Compact,This section shall be known and may be cited as the Dietitian Licensure Compact.,https://nebraskalegislature.gov/laws/statutes.php?statute=38-4701
38-4801,Dentist and Dental Hygienist Compact.,Dentist and Dental Hygienist Compact,This section shall be known and may be cited as the Dentist and Dental Hygienist Compact.,https://nebraskalegislature.gov/laws/statutes.php?statute=38-4801
38-4901,School Psychologist Interstate Licensure Compact.,School Psychologist Interstate Licensure Compact,This section shall be known and cited as the School Psychologist Interstate Licensure Compact.,https://nebraskalegislature.gov/laws/statutes.php?statute=38-4901
38-4901,School Psychologist Interstate Licensure Compact.,School Psychologist Interstate Licensure Compact Commission,"The Member States hereby create and establish a joint government agency whose membership consists of all Member States that have enacted the Compact, and this agency shall be known as the School Psychologist Interstate Licensure Compact Commission.",https://nebraskalegislature.gov/laws/statutes.php?statute=38-4901
38-501,"Act, how cited.",Audiology and Speech-Language Pathology Practice Act,Sections 38-501 to 38-527 shall be known and may be cited as the Audiology and Speech-Language Pathology Practice Act.,https://nebraskalegislature.gov/laws/statutes.php?statute=38-501
38-601,"Act, how cited.",Certified Nurse Midwifery Practice Act,Sections 38-601 to 38-618 shall be known and may be cited as the Certified Nurse Midwifery Practice Act.,https://nebraskalegislature.gov/laws/statutes.php?statute=38-601
38-701,"Act, how cited.",Certified Registered Nurse Anesthetist Practice Act,Sections 38-701 to 38-711 shall be known and may be cited as the Certified Registered Nurse Anesthetist Practice Act.,https://nebraskalegislature.gov/laws/statutes.php?statute=38-701
38-801,"Act, how cited.",Chiropractic Practice Act,Sections 38-801 to 38-811 shall be known and may be cited as the Chiropractic Practice Act.,https://nebraskalegislature.gov/laws/statutes.php?statute=38-801
38-901,"Act, how cited.",Clinical Nurse Specialist Practice Act,Sections 38-901 to 38-910 shall be known and may be cited as the Clinical Nurse Specialist Practice Act.,https://nebraskalegislature.gov/laws/statutes.php?statute=38-901
39-1655,"Act, how cited.",Rural Road Improvement District Act,Sections 39-1638 to 39-1655 shall be known as the Rural Road Improvement District Act.,https://nebraskalegislature.gov/laws/statutes.php?statute=39-1655
39-2222,"Act, how cited.",Nebraska Highway Bond Act,Sections 39-2201 to 39-2226 shall be known and may be cited as the Nebraska Highway Bond Act.,https://nebraskalegislature.gov/laws/statutes.php?statute=39-2222
39-2301,"Act, how cited; legislative findings.",County Highway and City Street Superintendents Act,(1) Sections 39-2301 to 39-2311 shall be known and may be cited as the County Highway and City Street Superintendents Act.,https://nebraskalegislature.gov/laws/statutes.php?statute=39-2301
39-2701,"Act, how cited.",Build Nebraska Act,Sections 39-2701 to 39-2705 shall be known and may be cited as the Build Nebraska Act.,https://nebraskalegislature.gov/laws/statutes.php?statute=39-2701
39-2801,"Act, how cited.",Transportation Innovation Act,Sections 39-2801 to 39-2825 shall be known and may be cited as the Transportation Innovation Act.,https://nebraskalegislature.gov/laws/statutes.php?statute=39-2801
"39-8,122","Act, how cited.",Interstate Bridge Act of 1959,"Sections 39-891 to 39-8,122 shall be known and cited as The Interstate Bridge Act of 1959.","https://nebraskalegislature.gov/laws/statutes.php?statute=39-8,122"
42-1001,"Act, how cited.",Uniform Premarital Agreement Act,Sections 42-1001 to 42-1011 shall be known and may be cited as the Uniform Premarital Agreement Act.,https://nebraskalegislature.gov/laws/statutes.php?statute=42-1001
42-1101,"Act, how cited.",Spousal Pension Rights Act,Sections 42-1101 to 42-1113 shall be known and may be cited as the Spousal Pension Rights Act.,https://nebraskalegislature.gov/laws/statutes.php?statute=42-1101
42-1201,"Act, how cited.",Address Confidentiality Act,Sections 42-1201 to 42-1210 shall be known and may be cited as the Address Confidentiality Act.,https://nebraskalegislature.gov/laws/statutes.php?statute=42-1201
42-344,"Act, how cited.",Uniform Divorce Recognition Act,Sections 42-341 to 42-344 may be cited as the Uniform Divorce Recognition Act.,https://nebraskalegislature.gov/laws/statutes.php?statute=42-344
42-701,"Act, how cited.",Uniform Interstate Family Support Act,01 shall be known and may be cited as the Uniform Interstate Family Support Act.,https://nebraskalegislature.gov/laws/statutes.php?statute=42-701
42-802,"Act, how cited.",Conciliation Court Law,Sections 42-801 to 42-823 may be cited as the Conciliation Court Law.,https://nebraskalegislature.gov/laws/statutes.php?statute=42-802
42-901,"Act, how cited.",Protection from Domestic Abuse Act,Sections 42-901 to 42-930 shall be known and may be cited as the Protection from Domestic Abuse Act.,https://nebraskalegislature.gov/laws/statutes.php?statute=42-901
42-932,"Act, how cited.",Uniform Interstate Enforcement of Domestic Violence Protection Orders Act,Sections 42-932 to 42-940 shall be known and may be cited as the Uniform Interstate Enforcement of Domestic Violence Protection Orders Act.,https://nebraskalegislature.gov/laws/statutes.php?statute=42-932
43-1226,"Act, how cited.",Uniform Child Custody Jurisdiction and Enforcement Act,Sections 43-1226 to 43-1266 shall be known and may be cited as the Uniform Child Custody Jurisdiction and Enforcement Act.,https://nebraskalegislature.gov/laws/statutes.php?statute=43-1226
43-1318,"Act, how cited.",Foster Care Review Act,Sections 43-1301 to 43-1321 shall be known and may be cited as the Foster Care Review Act.,https://nebraskalegislature.gov/laws/statutes.php?statute=43-1318
43-1501,"Act, how cited.",Nebraska Indian Child Welfare Act,Sections 43-1501 to 43-1517 shall be known and may be cited as the Nebraska Indian Child Welfare Act.,https://nebraskalegislature.gov/laws/statutes.php?statute=43-1501
43-1701,"Act, how cited.",Income Withholding for Child Support Act,Sections 43-1701 to 43-1743 shall be known and may be cited as the Income Withholding for Child Support Act.,https://nebraskalegislature.gov/laws/statutes.php?statute=43-1701
"43-2,129","Code, how cited.",Nebraska Juvenile Code,"Sections 43-245 to 43-2,129 shall be known and may be cited as the Nebraska Juvenile Code.","https://nebraskalegislature.gov/laws/statutes.php?statute=43-2,129"
43-2001,"Act, how cited.",Missing Children Identification Act,Sections 43-2001 to 43-2012 shall be known and may be cited as the Missing Children Identification Act.,https://nebraskalegislature.gov/laws/statutes.php?statute=43-2001
43-2401,"Act, how cited.",Juvenile Services Act,Sections 43-2401 to 43-2412 shall be known and may be cited as the Juvenile Services Act.,https://nebraskalegislature.gov/laws/statutes.php?statute=43-2401
43-2501,"Act, how cited.",Early Intervention Act,Sections 43-2501 to 43-2516 shall be known and may be cited as the Early Intervention Act.,https://nebraskalegislature.gov/laws/statutes.php?statute=43-2501
43-2601,"Quality Child Care Act, how cited.",Quality Child Care Act,Sections 43-2601 to 43-2625 shall be known and may be cited as the Quality Child Care Act.,https://nebraskalegislature.gov/laws/statutes.php?statute=43-2601
43-2626,"Child Care Capacity Building and Workforce Act, how cited.",Child Care Capacity Building and Workforce Act,Sections 43-2626 to 43-2639 shall be known and may be cited as the Child Care Capacity Building and Workforce Act.,https://nebraskalegislature.gov/laws/statutes.php?statute=43-2626
43-2701,"Act, how cited.",Nebraska Uniform Transfers to Minors Act,Sections 43-2701 to 43-2724 shall be known and may be cited as the Nebraska Uniform Transfers to Minors Act.,https://nebraskalegislature.gov/laws/statutes.php?statute=43-2701
43-2920,"Act, how cited.",Parenting Act,Sections 43-2920 to 43-2943 shall be known and may be cited as the Parenting Act.,https://nebraskalegislature.gov/laws/statutes.php?statute=43-2920
43-3301,"Act, how cited.",License Suspension Act,Sections 43-3301 to 43-3325 shall be known and may be cited as the License Suspension Act.,https://nebraskalegislature.gov/laws/statutes.php?statute=43-3301
43-3501,"Act, how cited.",Nebraska County Juvenile Services Plan Act,Sections 43-3501 to 43-3507 shall be known and may be cited as the Nebraska County Juvenile Services Plan Act.,https://nebraskalegislature.gov/laws/statutes.php?statute=43-3501
43-3701,"Act, how cited.",Court Appointed Special Advocate Act,Sections 43-3701 to 43-3720 shall be known and may be cited as the Court Appointed Special Advocate Act.,https://nebraskalegislature.gov/laws/statutes.php?statute=43-3701
43-3901,"Act, how cited.",Uniform Child Abduction Prevention Act,Sections 43-3901 to 43-3912 may be cited as the Uniform Child Abduction Prevention Act.,https://nebraskalegislature.gov/laws/statutes.php?statute=43-3901
43-401,"Act, how cited.","Health and Human Services, Office of Juvenile Services Act","Sections 43-401 to 43-431 shall be known and may be cited as the Health and Human Services, Office of Juvenile Services Act.",https://nebraskalegislature.gov/laws/statutes.php?statute=43-401
43-4501,"Act, how cited.",Young Adult Bridge to Independence Act,Sections 43-4501 to 43-4514 shall be known and may be cited as the Young Adult Bridge to Independence Act.,https://nebraskalegislature.gov/laws/statutes.php?statute=43-4501
43-4601,"Act, how cited.",Uniform Deployed Parents Custody and Visitation Act,Sections 43-4601 to 43-4630 shall be known and may be cited as the Uniform Deployed Parents Custody and Visitation Act.,https://nebraskalegislature.gov/laws/statutes.php?statute=43-4601
43-4701,"Act, how cited.",Nebraska Strengthening Families Act,Sections 43-4701 to 43-4716 shall be known and may be cited as the Nebraska Strengthening Families Act.,https://nebraskalegislature.gov/laws/statutes.php?statute=43-4701
43-4901,"Act, how cited.",Newborn Safe Haven Act,Sections 43-4901 to 43-4903 shall be known and may be cited as the Newborn Safe Haven Act.,https://nebraskalegislature.gov/laws/statutes.php?statute=43-4901
44-1101,"Act, how cited.",Viatical Settlements Act,Sections 44-1101 to 44-1117 shall be known and may be cited as the Viatical Settlements Act.,https://nebraskalegislature.gov/laws/statutes.php?statute=44-1101
44-1301,"Act, how cited.",Health Carrier External Review Act,Sections 44-1301 to 44-1318 shall be known and may be cited as the Health Carrier External Review Act.,https://nebraskalegislature.gov/laws/statutes.php?statute=44-1301
44-1401,"Act, how cited.",Nebraska Right to Shop Act,Sections 44-1401 to 44-1414 shall be known and may be cited as the Nebraska Right to Shop Act.,https://nebraskalegislature.gov/laws/statutes.php?statute=44-1401
44-1521,"Act, how cited.",Unfair Insurance Trade Practices Act,Sections 44-1521 to 44-1535 shall be known and may be cited as the Unfair Insurance Trade Practices Act.,https://nebraskalegislature.gov/laws/statutes.php?statute=44-1521
44-1536,"Act, how cited.",Unfair Insurance Claims Settlement Practices Act,Sections 44-1536 to 44-1544 shall be known and may be cited as the Unfair Insurance Claims Settlement Practices Act.,https://nebraskalegislature.gov/laws/statutes.php?statute=44-1536
44-1806,"Act, how cited.",Unauthorized Insurers False Advertising Process Act,Sections 44-1801 to 44-1806 shall be known and may be cited as the Unauthorized Insurers False Advertising Process Act.,https://nebraskalegislature.gov/laws/statutes.php?statute=44-1806
"44-19,106","Act, how cited.",Title Insurance Agent Act,"Sections 44-19,106 to 44-19,123 shall be known and may be cited as the Title Insurance Agent Act.","https://nebraskalegislature.gov/laws/statutes.php?statute=44-19,106"
44-1978,"Act, how cited.",Title Insurers Act,"Sections 44-1978 to 44-19,105 shall be known and may be cited as the Title Insurers Act.",https://nebraskalegislature.gov/laws/statutes.php?statute=44-1978
44-2008,"Act, how cited.",Unauthorized Insurers Act,Sections 44-2001 to 44-2008 shall be known and may be cited as the Unauthorized Insurers Act.,https://nebraskalegislature.gov/laws/statutes.php?statute=44-2008
44-2009,"Act, how cited.",Unauthorized Insurers Process Act,Sections 44-2009 to 44-2013 shall be known and may be cited as the Unauthorized Insurers Process Act.,https://nebraskalegislature.gov/laws/statutes.php?statute=44-2009
44-2120,"Act, how cited.",Insurance Holding Company System Act,Sections 44-2120 to 44-2155 shall be known and may be cited as the Insurance Holding Company System Act.,https://nebraskalegislature.gov/laws/statutes.php?statute=44-2120
44-2418,"Act, how cited.",Nebraska Property and Liability Insurance Guaranty Association Act,Sections 44-2401 to 44-2419 shall be known and may be cited as the Nebraska Property and Liability Insurance Guaranty Association Act.,https://nebraskalegislature.gov/laws/statutes.php?statute=44-2418
44-248,"Plan of exchange; act, how cited.",Insurance Company Plan of Exchange Act,Sections 44-248 to 44-255 shall be known and may be cited as the Insurance Company Plan of Exchange Act.,https://nebraskalegislature.gov/laws/statutes.php?statute=44-248
44-2720,"Act, how cited.",Nebraska Life and Health Insurance Guaranty Association Act,Sections 44-2701 to 44-2720 shall be known and may be cited as the Nebraska Life and Health Insurance Guaranty Association Act.,https://nebraskalegislature.gov/laws/statutes.php?statute=44-2720
44-2855,"Act, how cited.",Nebraska Hospital-Medical Liability Act,Sections 44-2801 to 44-2855 shall be known and may be cited as the Nebraska Hospital-Medical Liability Act.,https://nebraskalegislature.gov/laws/statutes.php?statute=44-2855
44-2918,"Act, how cited.",Nebraska Hospital and Physicians Mutual Insurance Association Act,Sections 44-2901 to 44-2918 shall be known and may be cited as the Nebraska Hospital and Physicians Mutual Insurance Association Act.,https://nebraskalegislature.gov/laws/statutes.php?statute=44-2918
44-3001,"Act, how cited.",Unclaimed Life Insurance Benefits Act,Sections 44-3001 to 44-3006 shall be known and may be cited as the Unclaimed Life Insurance Benefits Act.,https://nebraskalegislature.gov/laws/statutes.php?statute=44-3001
44-3101,"Act, how cited.",Nebraska Professional Association Mutual Insurance Company Act,Sections 44-3101 to 44-3112 shall be known and may be cited as the Nebraska Professional Association Mutual Insurance Company Act.,https://nebraskalegislature.gov/laws/statutes.php?statute=44-3101
44-3292,"Act, how cited.",Health Maintenance Organization Act,"Sections 44-3292 to 44-32,180 shall be known and may be cited as the Health Maintenance Organization Act.",https://nebraskalegislature.gov/laws/statutes.php?statute=44-3292
44-3401,"Act, how cited.","Nebraska Life, Sickness and Accident Insurance Policy Readability Act","Sections 44-3401 to 44-3408 shall be known and may be cited as the Nebraska Life, Sickness and Accident Insurance Policy Readability Act.",https://nebraskalegislature.gov/laws/statutes.php?statute=44-3401
44-3520,"Act, how cited.",Motor Vehicle Service Contract Reimbursement Insurance Act,Sections 44-3520 to 44-3527 shall be known and may be cited as the Motor Vehicle Service Contract Reimbursement Insurance Act.,https://nebraskalegislature.gov/laws/statutes.php?statute=44-3520
44-3601,"Act, how cited.",Medicare Supplement Insurance Minimum Standards Act,Sections 44-3601 to 44-3614 shall be known and may be cited as the Medicare Supplement Insurance Minimum Standards Act.,https://nebraskalegislature.gov/laws/statutes.php?statute=44-3601
44-3701,"Act, how cited.",Motor Club Services Act,Sections 44-3701 to 44-3721 shall be known and may be cited as the Motor Club Services Act.,https://nebraskalegislature.gov/laws/statutes.php?statute=44-3701
44-4047,"Act, how cited.",Insurance Producers Licensing Act,Sections 44-4047 to 44-4069 shall be known and may be cited as the Insurance Producers Licensing Act.,https://nebraskalegislature.gov/laws/statutes.php?statute=44-4047
44-407,Standard Nonforfeiture Law for Life Insurance; how cited.,Standard Nonforfeiture Law for Life Insurance,26 shall be known as the Standard Nonforfeiture Law for Life Insurance.,https://nebraskalegislature.gov/laws/statutes.php?statute=44-407
44-407.10,Standard Nonforfeiture Law for Individual Deferred Annuities; how cited; applicability.,Standard Nonforfeiture Law for Individual Deferred Annuities,23 shall be known as the Standard Nonforfeiture Law for Individual Deferred Annuities.,https://nebraskalegislature.gov/laws/statutes.php?statute=44-407.10
44-4201,"Act, how cited.",Comprehensive Health Insurance Pool Act,Sections 44-4201 to 44-4235 shall be known and may be cited as the Comprehensive Health Insurance Pool Act.,https://nebraskalegislature.gov/laws/statutes.php?statute=44-4201
44-4301,"Act, how cited.",Intergovernmental Risk Management Act,Sections 44-4301 to 44-4339 shall be known and may be cited as the Intergovernmental Risk Management Act.,https://nebraskalegislature.gov/laws/statutes.php?statute=44-4301
44-4401,"Act, how cited.",Risk Retention Act,Sections 44-4401 to 44-4423 shall be known and may be cited as the Risk Retention Act.,https://nebraskalegislature.gov/laws/statutes.php?statute=44-4401
44-4501,"Act, how cited.",Long-Term Care Insurance Act,Sections 44-4501 to 44-4521 shall be known and may be cited as the Long-Term Care Insurance Act.,https://nebraskalegislature.gov/laws/statutes.php?statute=44-4501
44-4601,"Pharmacy Benefit Manager Licensure and Regulation Act, how cited.",Pharmacy Benefit Manager Licensure and Regulation Act,Sections 44-4601 to 44-4617 shall be known and may be cited as the Pharmacy Benefit Manager Licensure and Regulation Act.,https://nebraskalegislature.gov/laws/statutes.php?statute=44-4601
44-4701,"Act, how cited.",Prepaid Limited Health Service Organization Act,Sections 44-4701 to 44-4727 shall be known and may be cited as the Prepaid Limited Health Service Organization Act.,https://nebraskalegislature.gov/laws/statutes.php?statute=44-4701
44-4862,"Act, how cited.","Nebraska Insurers Supervision, Rehabilitation","Sections 44-4801 to 44-4862 shall be known and may be cited as the Nebraska Insurers Supervision, Rehabilitation, and Liquidation Act.",https://nebraskalegislature.gov/laws/statutes.php?statute=44-4862
44-4901,"Act, how cited.",Managing General Agents Act,Sections 44-4901 to 44-4910 shall be known and may be cited as the Managing General Agents Act.,https://nebraskalegislature.gov/laws/statutes.php?statute=44-4901
44-5001,"Act, how cited.",Children of Nebraska Hearing Aid Act,Sections 44-5001 to 44-5005 shall be known and may be cited as the Children of Nebraska Hearing Aid Act.,https://nebraskalegislature.gov/laws/statutes.php?statute=44-5001
44-5101,"Act, how cited.",Insurers Investment Act,Sections 44-5101 to 44-5154 shall be known and may be cited as the Insurers Investment Act.,https://nebraskalegislature.gov/laws/statutes.php?statute=44-5101
44-5223,"Act, how cited.",Small Employer Health Insurance Availability Act,Sections 44-5223 to 44-5267 shall be known and may be cited as the Small Employer Health Insurance Availability Act.,https://nebraskalegislature.gov/laws/statutes.php?statute=44-5223
44-524,"Health claim form; act, how cited.",Standardized Health Claim Form Act,Sections 44-524 to 44-530 shall be known and may be cited as the Standardized Health Claim Form Act.,https://nebraskalegislature.gov/laws/statutes.php?statute=44-524
44-5416,"Utilization Review Act, how cited.",Utilization Review Act,Sections 44-5416 to 44-5431 shall be known and may be cited as the Utilization Review Act.,https://nebraskalegislature.gov/laws/statutes.php?statute=44-5416
44-5432,"Ensuring Transparency in Prior Authorization Act, how cited.",Ensuring Transparency in Prior Authorization Act,Sections 44-5432 to 44-5444 shall be known and may be cited as the Ensuring Transparency in Prior Authorization Act.,https://nebraskalegislature.gov/laws/statutes.php?statute=44-5432
44-5501,"Act, how cited.",Surplus Lines Insurance Act,Sections 44-5501 to 44-5515 shall be known and may be cited as the Surplus Lines Insurance Act.,https://nebraskalegislature.gov/laws/statutes.php?statute=44-5501
44-5601,"Act, how cited.",Reinsurance Intermediary Act,Sections 44-5601 to 44-5613 shall be known and may be cited as the Reinsurance Intermediary Act.,https://nebraskalegislature.gov/laws/statutes.php?statute=44-5601
44-5701,"Act, how cited.",Producer-Controlled Property and Casualty Insurer Act,Sections 44-5701 to 44-5708 shall be known and may be cited as the Producer-Controlled Property and Casualty Insurer Act.,https://nebraskalegislature.gov/laws/statutes.php?statute=44-5701
44-5801,"Act, how cited.",Third-Party Administrator Act,Sections 44-5801 to 44-5816 shall be known and may be cited as the Third-Party Administrator Act.,https://nebraskalegislature.gov/laws/statutes.php?statute=44-5801
44-5901,"Act, how cited.",Insurers Examination Act,Sections 44-5901 to 44-5910 shall be known and may be cited as the Insurers Examination Act.,https://nebraskalegislature.gov/laws/statutes.php?statute=44-5901
44-6001,"Act, how cited.",Insurers and Health Organizations Risk-Based Capital Act,Sections 44-6001 to 44-6026 shall be known and may be cited as the Insurers and Health Organizations Risk-Based Capital Act.,https://nebraskalegislature.gov/laws/statutes.php?statute=44-6001
44-6101,"Act, how cited.",Insurers Demutualization Act,Sections 44-6101 to 44-6121 shall be known and may be cited as the Insurers Demutualization Act.,https://nebraskalegislature.gov/laws/statutes.php?statute=44-6101
44-6122,"Act, how cited.",Mutual Insurance Holding Company Act,Sections 44-6122 to 44-6143 shall be known and may be cited as the Mutual Insurance Holding Company Act.,https://nebraskalegislature.gov/laws/statutes.php?statute=44-6122
44-6201,"Act, how cited.",Assumption Reinsurance Act,Sections 44-6201 to 44-6211 shall be known and may be cited as the Assumption Reinsurance Act.,https://nebraskalegislature.gov/laws/statutes.php?statute=44-6201
44-6301,"Act, how cited.",Disclosure of Material Insurance Transactions Act,Sections 44-6301 to 44-6306 shall be known and may be cited as the Disclosure of Material Insurance Transactions Act.,https://nebraskalegislature.gov/laws/statutes.php?statute=44-6301
44-6401,"Act, how cited.",Uninsured and Underinsured Motorist Insurance Coverage Act,Sections 44-6401 to 44-6414 shall be known and may be cited as the Uninsured and Underinsured Motorist Insurance Coverage Act.,https://nebraskalegislature.gov/laws/statutes.php?statute=44-6401
44-6501,"Act, how cited.",Pet Insurance Act,Sections 44-6501 to 44-6510 shall be known and may be cited as the Pet Insurance Act.,https://nebraskalegislature.gov/laws/statutes.php?statute=44-6501
44-6601,"Act, how cited.",Insurance Fraud Act,Sections 44-6601 to 44-6608 shall be known and may be cited as the Insurance Fraud Act.,https://nebraskalegislature.gov/laws/statutes.php?statute=44-6601
44-6825,"Act, how cited.",Managed Care Emergency Services Act,Sections 44-6825 to 44-6833 shall be known and may be cited as the Managed Care Emergency Services Act.,https://nebraskalegislature.gov/laws/statutes.php?statute=44-6825
44-6834,"Act, how cited.",Out-of-Network Emergency Medical Care Act,Sections 44-6834 to 44-6850 shall be known and may be cited as the Out-of-Network Emergency Medical Care Act.,https://nebraskalegislature.gov/laws/statutes.php?statute=44-6834
"44-7,111","Step-Therapy Reform Act, how cited.",Step-Therapy Reform Act,"Sections 44-7,111 to 44-7,117 shall be known and may be cited as the Step-Therapy Reform Act.","https://nebraskalegislature.gov/laws/statutes.php?statute=44-7,111"
44-7001,"Act, how cited.",Health Care Professional Credentialing Verification Act,Sections 44-7001 to 44-7013 shall be known and may be cited as the Health Care Professional Credentialing Verification Act.,https://nebraskalegislature.gov/laws/statutes.php?statute=44-7001
44-7101,"Act, how cited.",Managed Care Plan Network Adequacy Act,Sections 44-7101 to 44-7112 shall be known and may be cited as the Managed Care Plan Network Adequacy Act.,https://nebraskalegislature.gov/laws/statutes.php?statute=44-7101
44-7201,"Act, how cited.",Quality Assessment and Improvement Act,Sections 44-7201 to 44-7215 shall be known and may be cited as the Quality Assessment and Improvement Act.,https://nebraskalegislature.gov/laws/statutes.php?statute=44-7201
44-7301,"Act, how cited.",Health Carrier Grievance Procedure Act,Sections 44-7301 to 44-7315 shall be known and may be cited as the Health Carrier Grievance Procedure Act.,https://nebraskalegislature.gov/laws/statutes.php?statute=44-7301
44-7401,"Act, how cited.",Unfair Discrimination Against Subjects of Abuse in Insurance Act,Sections 44-7401 to 44-7410 shall be known and may be cited as the Unfair Discrimination Against Subjects of Abuse in Insurance Act.,https://nebraskalegislature.gov/laws/statutes.php?statute=44-7401
44-7501,"Act, how cited.",Property and Casualty Insurance Rate and Form Act,Sections 44-7501 to 44-7535 shall be known and may be cited as the Property and Casualty Insurance Rate and Form Act.,https://nebraskalegislature.gov/laws/statutes.php?statute=44-7501
44-7601,"Act, how cited.",Multiple Employer Welfare Arrangement Act,Sections 44-7601 to 44-7618 shall be known and may be cited as the Multiple Employer Welfare Arrangement Act.,https://nebraskalegislature.gov/laws/statutes.php?statute=44-7601
44-7701,"Act, how cited.",Model Act Regarding Use of Credit Information in Personal Insurance,Sections 44-7701 to 44-7712 shall be known and may be cited as the Model Act Regarding Use of Credit Information in Personal Insurance.,https://nebraskalegislature.gov/laws/statutes.php?statute=44-7701
44-7901,"Act, how cited.",Property and Casualty Actuarial Opinion Act,Sections 44-7901 to 44-7903 shall be known and may be cited as the Property and Casualty Actuarial Opinion Act.,https://nebraskalegislature.gov/laws/statutes.php?statute=44-7901
44-8001,"Act, how cited.",Health Care Prompt Payment Act,Sections 44-8001 to 44-8010 shall be known and may be cited as the Health Care Prompt Payment Act.,https://nebraskalegislature.gov/laws/statutes.php?statute=44-8001
44-8101,"Act, how cited.",Nebraska Protection in Annuity Transactions Act,Sections 44-8101 to 44-8109 shall be known and may be cited as the Nebraska Protection in Annuity Transactions Act.,https://nebraskalegislature.gov/laws/statutes.php?statute=44-8101
44-8201,"Act, how cited.",Captive Insurers Act,Sections 44-8201 to 44-8218 shall be known and may be cited as the Captive Insurers Act.,https://nebraskalegislature.gov/laws/statutes.php?statute=44-8201
44-8301,"Act, how cited.",Discount Medical Plan Organization Act,Sections 44-8301 to 44-8316 shall be known and may be cited as the Discount Medical Plan Organization Act.,https://nebraskalegislature.gov/laws/statutes.php?statute=44-8301
44-8401,"Act, how cited.",Mandate Opt-Out and Insurance Coverage Clarification Act,Sections 44-8401 to 44-8404 shall be known and may be cited as the Mandate Opt-Out and Insurance Coverage Clarification Act.,https://nebraskalegislature.gov/laws/statutes.php?statute=44-8401
44-8501,"Act, how cited.",Portable Electronics Insurance Act,Sections 44-8501 to 44-8509 shall be known and may be cited as the Portable Electronics Insurance Act.,https://nebraskalegislature.gov/laws/statutes.php?statute=44-8501
44-8601,"Act, how cited.",Insured Homeowners Protection Act,Sections 44-8601 to 44-8608 shall be known and may be cited as the Insured Homeowners Protection Act.,https://nebraskalegislature.gov/laws/statutes.php?statute=44-8601
44-8801,"Act, how cited.",Health Insurance Exchange Navigator Registration Act,Sections 44-8801 to 44-8808 shall be known and may be cited as the Health Insurance Exchange Navigator Registration Act.,https://nebraskalegislature.gov/laws/statutes.php?statute=44-8801
44-8901,"Act, how cited.",Standard Valuation Act,Sections 44-8901 to 44-8912 shall be known and may be cited as the Standard Valuation Act.,https://nebraskalegislature.gov/laws/statutes.php?statute=44-8901
44-9001,"Act, how cited.",Risk Management and Own Risk and Solvency Assessment Act,Sections 44-9001 to 44-9011 shall be known and may be cited as the Risk Management and Own Risk and Solvency Assessment Act.,https://nebraskalegislature.gov/laws/statutes.php?statute=44-9001
44-901,"Act, how cited.",Privacy of Insurance Consumer Information Act,Sections 44-901 to 44-925 shall be known and may be cited as the Privacy of Insurance Consumer Information Act.,https://nebraskalegislature.gov/laws/statutes.php?statute=44-901
44-9101,"Act, how cited.",Corporate Governance Annual Disclosure Act,Sections 44-9101 to 44-9109 shall be known and may be cited as the Corporate Governance Annual Disclosure Act.,https://nebraskalegislature.gov/laws/statutes.php?statute=44-9101
44-9201,"Act, how cited.",Public Adjusters Licensing Act,Sections 44-9201 to 44-9219 shall be known and may be cited as the Public Adjusters Licensing Act.,https://nebraskalegislature.gov/laws/statutes.php?statute=44-9201
44-9301,"Act, how cited.",Travel Insurance Act,Sections 44-9301 to 44-9310 shall be known and may be cited as the Travel Insurance Act.,https://nebraskalegislature.gov/laws/statutes.php?statute=44-9301
44-9401,"Act, how cited.",Insurance Regulatory Sandbox Act,Sections 44-9401 to 44-9410 shall be known and may be cited as the Insurance Regulatory Sandbox Act.,https://nebraskalegislature.gov/laws/statutes.php?statute=44-9401
45-1101,"Act, how cited.",Guaranteed Asset Protection Waiver Act,Sections 45-1101 to 45-1107 shall be known and may be cited as the Guaranteed Asset Protection Waiver Act.,https://nebraskalegislature.gov/laws/statutes.php?statute=45-1101
45-1201,"Act, how cited.",Nebraska Construction Prompt Pay Act,Sections 45-1201 to 45-1211 shall be known and may be cited as the Nebraska Construction Prompt Pay Act.,https://nebraskalegislature.gov/laws/statutes.php?statute=45-1201
45-1301,"Act, how cited.",Medical Debt Relief Act,Sections 45-1301 to 45-1307 shall be known and may be cited as the Medical Debt Relief Act.,https://nebraskalegislature.gov/laws/statutes.php?statute=45-1301
45-334,"Act, how cited.",Nebraska Installment Loan and Sales Act,Sections 45-334 to 45-380 shall be known and may be cited as the Nebraska Installment Loan and Sales Act.,https://nebraskalegislature.gov/laws/statutes.php?statute=45-334
45-601,"Act, how cited; collection agency; license required; violation; penalty; foreign agency; communication authorized.",Collection Agency Act,Sections 45-601 to 45-622 shall be known and may be cited as the Collection Agency Act.,https://nebraskalegislature.gov/laws/statutes.php?statute=45-601
45-701,"Act, how cited.",Residential Mortgage Licensing Act,Sections 45-701 to 45-754 shall be known and may be cited as the Residential Mortgage Licensing Act.,https://nebraskalegislature.gov/laws/statutes.php?statute=45-701
45-801,"Act, how cited.",Credit Services Organization Act,Sections 45-801 to 45-815 shall be known and may be cited as the Credit Services Organization Act.,https://nebraskalegislature.gov/laws/statutes.php?statute=45-801
45-901,"Act, how cited.",Delayed Deposit Services Licensing Act,Sections 45-901 to 45-931 shall be known and may be cited as the Delayed Deposit Services Licensing Act.,https://nebraskalegislature.gov/laws/statutes.php?statute=45-901
46-101,"Irrigation District Act, how cited; irrigation districts; organization; grant of authority.",Irrigation District Act,"(1) Sections 46-101 to 46-1,163 shall be known and may be cited as the Irrigation District Act.",https://nebraskalegislature.gov/laws/statutes.php?statute=46-101
46-1101,"Act, how cited.",Nebraska Chemigation Act,Sections 46-1101 to 46-1148 shall be known and may be cited as the Nebraska Chemigation Act.,https://nebraskalegislature.gov/laws/statutes.php?statute=46-1101
46-1201,"Act, how cited.",Water Well Standards and Contractors' Practice Act,Sections 46-1201 to 46-1241 shall be known and may be cited as the Water Well Standards and Contractors' Practice Act.,https://nebraskalegislature.gov/laws/statutes.php?statute=46-1201
46-1501,"Act, how cited.",Wellhead Protection Area Act,Sections 46-1501 to 46-1509 shall be known and may be cited as the Wellhead Protection Area Act.,https://nebraskalegislature.gov/laws/statutes.php?statute=46-1501
46-1601,"Act, how cited.",Safety of Dams and Reservoirs Act,Sections 46-1601 to 46-1670 shall be known and may be cited as the Safety of Dams and Reservoirs Act.,https://nebraskalegislature.gov/laws/statutes.php?statute=46-1601
46-650,"Act, how cited.",Municipal and Rural Domestic Ground Water Transfers Permit Act,Sections 46-638 to 46-650 shall be known and cited as the Municipal and Rural Domestic Ground Water Transfers Permit Act.,https://nebraskalegislature.gov/laws/statutes.php?statute=46-650
46-690,"Act, how cited.",Industrial Ground Water Regulatory Act,Sections 46-675 to 46-690 shall be known and may be cited as the Industrial Ground Water Regulatory Act.,https://nebraskalegislature.gov/laws/statutes.php?statute=46-690
46-701,"Act, how cited.",Nebraska Ground Water Management and Protection Act,Sections 46-701 to 46-756 shall be known and may be cited as the Nebraska Ground Water Management and Protection Act.,https://nebraskalegislature.gov/laws/statutes.php?statute=46-701
47-1001,"Act, how cited.",Healthy Pregnancies for Incarcerated Women Act,Sections 47-1001 to 47-1007 shall be known and may be cited as the Healthy Pregnancies for Incarcerated Women Act.,https://nebraskalegislature.gov/laws/statutes.php?statute=47-1001
47-1101,"Act, how cited.",Community Work Release and Reentry Centers Act,Sections 47-1101 to 47-1119 shall be known and may be cited as the Community Work Release and Reentry Centers Act.,https://nebraskalegislature.gov/laws/statutes.php?statute=47-1101
47-1201,"Act, how cited.",Regional Mental Health Expansion Pilot Program Act,Sections 47-1201 to 47-1205 shall be known and may be cited as the Regional Mental Health Expansion Pilot Program Act.,https://nebraskalegislature.gov/laws/statutes.php?statute=47-1201
47-619,"Act, how cited.",Community Corrections Act,Sections 47-619 to 47-634 shall be known and may be cited as the Community Corrections Act.,https://nebraskalegislature.gov/laws/statutes.php?statute=47-619
47-801,"Act, how cited.",Private Prison Contracting Act,Sections 47-801 to 47-807 shall be known and may be cited as the Private Prison Contracting Act.,https://nebraskalegislature.gov/laws/statutes.php?statute=47-801
"48-1,110","Act, how cited.",Nebraska Workers' Compensation Act,"Sections 48-101 to 48-1,117 shall be known and may be cited as the Nebraska Workers' Compensation Act.","https://nebraskalegislature.gov/laws/statutes.php?statute=48-1,110"
48-1001,"Act, how cited; discrimination in employment because of age; policy; declaration of purpose.",Age Discrimination in Employment Act,(1) Sections 48-1001 to 48-1010 shall be known and may be cited as the Age Discrimination in Employment Act.,https://nebraskalegislature.gov/laws/statutes.php?statute=48-1001
48-1101,"Act, how cited.",Nebraska Fair Employment Practice Act,Sections 48-1101 to 48-1127 shall be known and may be cited as the Nebraska Fair Employment Practice Act.,https://nebraskalegislature.gov/laws/statutes.php?statute=48-1101
48-1209,"Act, how cited.",Wage and Hour Act,Sections 48-1201 to 48-1209 shall be known and may be cited as the Wage and Hour Act.,https://nebraskalegislature.gov/laws/statutes.php?statute=48-1209
48-1228,"Act, how cited.",Nebraska Wage Payment and Collection Act,Sections 48-1228 to 48-1236 shall be known and may be cited as the Nebraska Wage Payment and Collection Act.,https://nebraskalegislature.gov/laws/statutes.php?statute=48-1228
48-1701,"Act, how cited.",Farm Labor Contractors Act,Sections 48-1701 to 48-1715 shall be known and may be cited as the Farm Labor Contractors Act.,https://nebraskalegislature.gov/laws/statutes.php?statute=48-1701
48-2101,"Act, how cited.",Contractor Registration Act,Sections 48-2101 to 48-2117 shall be known and may be cited as the Contractor Registration Act.,https://nebraskalegislature.gov/laws/statutes.php?statute=48-2101
48-2207,"Act, how cited.",Non-English-Speaking Workers Protection Act,Sections 48-2207 to 48-2214 shall be known and may be cited as the Non-English-Speaking Workers Protection Act.,https://nebraskalegislature.gov/laws/statutes.php?statute=48-2207
48-2301,"Act, how cited.",New Hire Reporting Act,Sections 48-2301 to 48-2308 shall be known and may be cited as the New Hire Reporting Act.,https://nebraskalegislature.gov/laws/statutes.php?statute=48-2301
48-2601,"Act, how cited.",Nebraska Uniform Athlete Agents Act,Sections 48-2601 to 48-2619 shall be known and may be cited as the Nebraska Uniform Athlete Agents Act.,https://nebraskalegislature.gov/laws/statutes.php?statute=48-2601
48-2701,"Act, how cited.",Professional Employer Organization Registration Act,Sections 48-2701 to 48-2711 shall be known and may be cited as the Professional Employer Organization Registration Act.,https://nebraskalegislature.gov/laws/statutes.php?statute=48-2701
48-2801,"Act, how cited.",Manufacturing Modernization and Workforce Development Pilot Investment Act,Sections 48-2801 to 48-2807 shall be known and may be cited as the Manufacturing Modernization and Workforce Development Pilot Investment Act.,https://nebraskalegislature.gov/laws/statutes.php?statute=48-2801
48-2901,"Act, how cited.",Employee Classification Act,Sections 48-2901 to 48-2912 shall be known and may be cited as the Employee Classification Act.,https://nebraskalegislature.gov/laws/statutes.php?statute=48-2901
48-3001,"Act, how cited.",Teleworker Job Creation Act,Sections 48-3001 to 48-3011 shall be known and may be cited as the Teleworker Job Creation Act.,https://nebraskalegislature.gov/laws/statutes.php?statute=48-3001
48-3201,"Act, how cited.",Facilitating Business Rapid Response to State Declared Disasters Act,Sections 48-3201 to 48-3205 shall be known and may be cited as the Facilitating Business Rapid Response to State Declared Disasters Act.,https://nebraskalegislature.gov/laws/statutes.php?statute=48-3201
48-3301,"Act, how cited.",Nebraska Workforce Innovation and Opportunity Act,Sections 48-3301 to 48-3305 shall be known and may be cited as the Nebraska Workforce Innovation and Opportunity Act.,https://nebraskalegislature.gov/laws/statutes.php?statute=48-3301
48-3401,"Act, how cited.",Sector Partnership Program Act,Sections 48-3401 to 48-3407 shall be known and may be cited as the Sector Partnership Program Act.,https://nebraskalegislature.gov/laws/statutes.php?statute=48-3401
48-3501,"Act, how cited.",Workplace Privacy Act,Sections 48-3501 to 48-3511 shall be known and may be cited as the Workplace Privacy Act.,https://nebraskalegislature.gov/laws/statutes.php?statute=48-3501
48-3601,"Act, how cited.","Nebraska Student-Athlete Name, Image, or Likeness Rights Act","Sections 48-3601 to 48-3609 shall be known and may be cited as the Nebraska Student-Athlete Name, Image, or Likeness Rights Act.",https://nebraskalegislature.gov/laws/statutes.php?statute=48-3601
48-3701,"Act, how cited.",Nebraska Statewide Workforce and Education Reporting System Act,Sections 48-3701 to 48-3704 shall be known and may be cited as the Nebraska Statewide Workforce and Education Reporting System Act.,https://nebraskalegislature.gov/laws/statutes.php?statute=48-3701
48-3801,"Act, how cited; declaration of purpose.",Nebraska Healthy Families and Workplaces Act,(1) Sections 48-3801 to 48-3811 shall be known and may be cited as the Nebraska Healthy Families and Workplaces Act.,https://nebraskalegislature.gov/laws/statutes.php?statute=48-3801
48-601,"Act, how cited.",Employment Security Law,Sections 48-601 to 48-683 shall be known and may be cited as the Employment Security Law.,https://nebraskalegislature.gov/laws/statutes.php?statute=48-601
48-801.01,"Act, how cited.",Industrial Relations Act,Sections 48-801 to 48-839 shall be known and may be cited as the Industrial Relations Act.,https://nebraskalegislature.gov/laws/statutes.php?statute=48-801.01
49-1401,"Act, how cited.",Nebraska Political Accountability and Disclosure Act,"Sections 49-1401 to 49-14,142 shall be known and may be cited as the Nebraska Political Accountability and Disclosure Act.",https://nebraskalegislature.gov/laws/statutes.php?statute=49-1401
49-1801,"Uniform Unsworn Foreign Declarations Act, how cited.",Uniform Unsworn Foreign Declarations Act,Sections 49-1801 to 49-1807 shall be known and may be cited as the Uniform Unsworn Foreign Declarations Act.,https://nebraskalegislature.gov/laws/statutes.php?statute=49-1801
50-1201,"Act, how cited.",Legislative Performance Audit Act,Sections 50-1201 to 50-1216 shall be known and may be cited as the Legislative Performance Audit Act.,https://nebraskalegislature.gov/laws/statutes.php?statute=50-1201
50-1501,"Act, how cited.",Legislative Qualifications and Election Contests Act,Sections 50-1501 to 50-1520 shall be known and may be cited as the Legislative Qualifications and Election Contests Act.,https://nebraskalegislature.gov/laws/statutes.php?statute=50-1501
50-1801,"Act, how cited.",Office of Inspector General of Nebraska Child Welfare Act,Sections 50-1801 to 50-1821 shall be known and may be cited as the Office of Inspector General of Nebraska Child Welfare Act.,https://nebraskalegislature.gov/laws/statutes.php?statute=50-1801
50-1901,"Act, how cited.",Office of Inspector General of the Nebraska Correctional System Act,Sections 50-1901 to 50-1921 shall be known and may be cited as the Office of Inspector General of the Nebraska Correctional System Act.,https://nebraskalegislature.gov/laws/statutes.php?statute=50-1901
50-2001,"Act, how cited.",Office of Public Counsel Act,Sections 50-2001 to 50-2018 shall be known and may be cited as the Office of Public Counsel Act.,https://nebraskalegislature.gov/laws/statutes.php?statute=50-2001
50-301,"Act, how cited.",Next Generation Business Growth Act,Sections 50-301 to 50-306 shall be known and may be cited as the Next Generation Business Growth Act.,https://nebraskalegislature.gov/laws/statutes.php?statute=50-301
51-201,Public libraries; establishment; tax; amount authorized; limitation; library fund; county library; election required; merger authorized.,library fund,The amount collected from such levy shall be known as the library fund.,https://nebraskalegislature.gov/laws/statutes.php?statute=51-201
51-701,"Act, how cited.",Museum Property Act,Sections 51-701 to 51-712 shall be known and may be cited as the Museum Property Act.,https://nebraskalegislature.gov/laws/statutes.php?statute=51-701
52-1007,"Act, how cited.",Uniform Federal Lien Registration Act,Sections 52-1001 to 52-1008 shall be known and may be cited as the Uniform Federal Lien Registration Act.,https://nebraskalegislature.gov/laws/statutes.php?statute=52-1007
52-125,"Act, how cited.",Nebraska Construction Lien Act,Sections 52-125 to 52-159 shall be known and may be cited as the Nebraska Construction Lien Act.,https://nebraskalegislature.gov/laws/statutes.php?statute=52-125
52-2101,"Act, how cited.",Commercial Real Estate Broker Lien Act,Sections 52-2101 to 52-2108 shall be known and may be cited as the Commercial Real Estate Broker Lien Act.,https://nebraskalegislature.gov/laws/statutes.php?statute=52-2101
53-101,"Act, how cited.",Nebraska Liquor Control Act,"Sections 53-101 to 53-1,122 shall be known and may be cited as the Nebraska Liquor Control Act.",https://nebraskalegislature.gov/laws/statutes.php?statute=53-101
53-401,"Act, how cited.",Minor Alcoholic Liquor Liability Act,Sections 53-401 to 53-409 shall be known and may be cited as the Minor Alcoholic Liquor Liability Act.,https://nebraskalegislature.gov/laws/statutes.php?statute=53-401
54-1156,"Act, how cited.",Livestock Auction Market Act,Sections 54-1156 to 54-1182 shall be known and may be cited as the Livestock Auction Market Act.,https://nebraskalegislature.gov/laws/statutes.php?statute=54-1156
54-170,"Act, how cited.",Livestock Brand Act,"Sections 54-170 to 54-1,131 shall be known and may be cited as the Livestock Brand Act.",https://nebraskalegislature.gov/laws/statutes.php?statute=54-170
54-1702,"Act, how cited.",Nebraska Livestock Dealer Licensing Act,Sections 54-1701 to 54-1711 may be cited as the Nebraska Livestock Dealer Licensing Act.,https://nebraskalegislature.gov/laws/statutes.php?statute=54-1702
54-1801,"Act, how cited.",Nebraska Livestock Sellers Protective Act,Sections 54-1801 to 54-1808 may be cited as the Nebraska Livestock Sellers Protective Act.,https://nebraskalegislature.gov/laws/statutes.php?statute=54-1801
54-1901,"Act, how cited.",Nebraska Meat and Poultry Inspection Law,02 shall be known and may be cited as the Nebraska Meat and Poultry Inspection Law.,https://nebraskalegislature.gov/laws/statutes.php?statute=54-1901
54-2302,"Act, how cited.",Domesticated Cervine Animal Act,Sections 54-2302 to 54-2324 shall be known and may be cited as the Domesticated Cervine Animal Act.,https://nebraskalegislature.gov/laws/statutes.php?statute=54-2302
54-2416,"Act, how cited.",Livestock Waste Management Act,Sections 54-2416 to 54-2438 shall be known and may be cited as the Livestock Waste Management Act.,https://nebraskalegislature.gov/laws/statutes.php?statute=54-2416
54-2501,"Act, how cited.",Controlled Substances Animal Welfare Act,Sections 54-2501 to 54-2506 shall be known and may be cited as the Controlled Substances Animal Welfare Act.,https://nebraskalegislature.gov/laws/statutes.php?statute=54-2501
54-2601,"Act, how cited.",Competitive Livestock Markets Act,Sections 54-2601 to 54-2631 shall be known and may be cited as the Competitive Livestock Markets Act.,https://nebraskalegislature.gov/laws/statutes.php?statute=54-2601
54-2801,"Legislative findings; act, how cited.",Livestock Growth Act,(1) Sections 54-2801 to 54-2805 shall be known and may be cited as the Livestock Growth Act.,https://nebraskalegislature.gov/laws/statutes.php?statute=54-2801
54-2901,"Act, how cited.",Animal Health and Disease Control Act,Sections 54-2901 to 54-2957 shall be known and may be cited as the Animal Health and Disease Control Act.,https://nebraskalegislature.gov/laws/statutes.php?statute=54-2901
54-501,"Act, how cited.",Food Supply Animal Veterinary Incentive Program Act,Sections 54-501 to 54-508 shall be known and may be cited as the Food Supply Animal Veterinary Incentive Program Act.,https://nebraskalegislature.gov/laws/statutes.php?statute=54-501
54-625,"Act, how cited.",Commercial Dog and Cat Operator Inspection Act,Sections 54-625 to 54-643 shall be known and may be cited as the Commercial Dog and Cat Operator Inspection Act.,https://nebraskalegislature.gov/laws/statutes.php?statute=54-625
54-644,"Act, how cited.",Dog and Cat Purchase Protection Act,Sections 54-644 to 54-650 shall be known and may be cited as the Dog and Cat Purchase Protection Act.,https://nebraskalegislature.gov/laws/statutes.php?statute=54-644
"54-7,105","Act, how cited; purpose.",Exotic Animal Auction or Exchange Venue Act,"(1) Sections 54-7,105 to 54-7,109 shall be known and may be cited as the Exotic Animal Auction or Exchange Venue Act.","https://nebraskalegislature.gov/laws/statutes.php?statute=54-7,105"
54-847,"Act, how cited.",Commercial Feed Act,Sections 54-847 to 54-863 shall be known and may be cited as the Commercial Feed Act.,https://nebraskalegislature.gov/laws/statutes.php?statute=54-847
54-901,"Act, how cited.",Livestock Animal Welfare Act,Sections 54-901 to 54-913 shall be known and may be cited as the Livestock Animal Welfare Act.,https://nebraskalegislature.gov/laws/statutes.php?statute=54-901
55-101,Military code; how cited.,Military Code,Sections 55-101 to 55-181 shall be known and may be cited as the Military Code.,https://nebraskalegislature.gov/laws/statutes.php?statute=55-101
55-105,"Militia; classes, defined.",Nebraska National Guard,"The active militia shall consist of the organized and uniformed military forces of the state, which shall be known as the Nebraska National Guard, which includes the Army National Guard and the Air National Guard.",https://nebraskalegislature.gov/laws/statutes.php?statute=55-105
55-201,Nebraska State Guard; when called into service; organization.,Nebraska State Guard,Such forces shall be additional to and distinct from the National Guard and shall be known as the Nebraska State Guard.,https://nebraskalegislature.gov/laws/statutes.php?statute=55-201
55-219,"Act, how cited.",State Guard Act,Sections 55-201 to 55-219 may be cited as the State Guard Act.,https://nebraskalegislature.gov/laws/statutes.php?statute=55-219
55-401,"Code, how cited.",Nebraska Code of Military Justice,Sections 55-401 to 55-481 shall be known and may be cited as the Nebraska Code of Military Justice.,https://nebraskalegislature.gov/laws/statutes.php?statute=55-401
55-501,"Act, how cited.",Family Military Leave Act,Sections 55-501 to 55-507 shall be known and may be cited as the Family Military Leave Act.,https://nebraskalegislature.gov/laws/statutes.php?statute=55-501
57-1401,"Act, how cited.",Major Oil Pipeline Siting Act,Sections 57-1401 to 57-1413 shall be known and may be cited as the Major Oil Pipeline Siting Act.,https://nebraskalegislature.gov/laws/statutes.php?statute=57-1401
57-1601,"Act, how cited.",Nebraska Geologic Storage of Carbon Dioxide Act,Sections 57-1601 to 57-1624 shall be known and may be cited as the Nebraska Geologic Storage of Carbon Dioxide Act.,https://nebraskalegislature.gov/laws/statutes.php?statute=57-1601
57-820,"Act, how cited.",Oil and Gas Lien Act,Sections 57-801 to 57-820 shall be known and may be cited as the Oil and Gas Lien Act.,https://nebraskalegislature.gov/laws/statutes.php?statute=57-820
57-917,Commission; director; appointment; compensation; bond or insurance.,Director of the Nebraska Oil and Gas Conservation Commission,"To enable the commission to carry out its duties and powers under the laws of this state with respect to conservation of oil and gas and to enforce sections 57-901 to 57-921 and the rules and regulations so prescribed, the commission shall employ one chief administrator who shall not be a member of the commission and who shall be known as the Director of the Nebraska Oil and Gas Conservation Commission, and as such he or she shall be charged with the duty of administering and enforcing the provisions of sections 57-901 to 57-921 and all rules, regulations, and orders promulgated by the commission, subject to the direction of the commission.",https://nebraskalegislature.gov/laws/statutes.php?statute=57-917
58-201,"Act, how cited.",Nebraska Investment Finance Authority Act,Sections 58-201 to 58-273 shall be known and may be cited as the Nebraska Investment Finance Authority Act.,https://nebraskalegislature.gov/laws/statutes.php?statute=58-201
58-501,"Act, how cited.",Nebraska Redevelopment Act,Sections 58-501 to 58-533 shall be known and may be cited as the Nebraska Redevelopment Act.,https://nebraskalegislature.gov/laws/statutes.php?statute=58-501
58-701,"Act, how cited.",Nebraska Affordable Housing Act,Sections 58-701 to 58-712 shall be known and may be cited as the Nebraska Affordable Housing Act.,https://nebraskalegislature.gov/laws/statutes.php?statute=58-701
58-801,"Act, how cited.","Nebraska Educational, Health, Cultural","Sections 58-801 to 58-866 shall be known and may be cited as the Nebraska Educational, Health, Cultural, and Social Services Finance Authority Act.",https://nebraskalegislature.gov/laws/statutes.php?statute=58-801
59-1401,"Act, how cited.",Music Licensing Agency Act,Sections 59-1401 to 59-1406 shall be known and may be cited as the Music Licensing Agency Act.,https://nebraskalegislature.gov/laws/statutes.php?statute=59-1401
59-1501,"Act, how cited.",Unfair Cigarette Sales Act,Sections 59-1501 to 59-1518 shall be known and may be cited as the Unfair Cigarette Sales Act.,https://nebraskalegislature.gov/laws/statutes.php?statute=59-1501
59-1623,"Act, how cited.",Consumer Protection Act,Sections 59-1601 to 59-1623 shall be known and may be cited as the Consumer Protection Act.,https://nebraskalegislature.gov/laws/statutes.php?statute=59-1623
59-1701.01,"Act, how cited.",Seller-Assisted Marketing Plan Act,Sections 59-1701 to 59-1762 shall be known and may be cited as the Seller-Assisted Marketing Plan Act.,https://nebraskalegislature.gov/laws/statutes.php?statute=59-1701.01
59-1801,"Act, how cited.",Charitable Gift Annuity Act,Sections 59-1801 to 59-1803 shall be known and may be cited as the Charitable Gift Annuity Act.,https://nebraskalegislature.gov/laws/statutes.php?statute=59-1801
60-101,"Act, how cited.",Motor Vehicle Certificate of Title Act,Sections 60-101 to 60-197 shall be known and may be cited as the Motor Vehicle Certificate of Title Act.,https://nebraskalegislature.gov/laws/statutes.php?statute=60-101
60-1303,Weighing stations; portable scales; operation; carrier enforcement division; rules and regulations.,carrier enforcement division,"(2)(a) On and after July 20, 2002, officers of the Nebraska State Patrol appointed to operate the weighing stations and portable scales and to perform carrier enforcement duties shall be known as the carrier enforcement division.",https://nebraskalegislature.gov/laws/statutes.php?statute=60-1303
60-1401,"Act, how cited; applicability of amendments.",Motor Vehicle Industry Regulation Act,Sections 60-1401 to 60-1441 shall be known and may be cited as the Motor Vehicle Industry Regulation Act.,https://nebraskalegislature.gov/laws/statutes.php?statute=60-1401
60-2120,"Act, how cited.",Motorcycle Safety Education Act,Sections 60-2120 to 60-2139 shall be known and may be cited as the Motorcycle Safety Education Act.,https://nebraskalegislature.gov/laws/statutes.php?statute=60-2120
60-2901,"Act, how cited.",Uniform Motor Vehicle Records Disclosure Act,Sections 60-2901 to 60-2912 shall be known and may be cited as the Uniform Motor Vehicle Records Disclosure Act.,https://nebraskalegislature.gov/laws/statutes.php?statute=60-2901
"60-3,192","International Registration Plan Act; act, how cited.",International Registration Plan Act,"Sections 60-3,192 to 60-3,206 shall be known and may be cited as the International Registration Plan Act.","https://nebraskalegislature.gov/laws/statutes.php?statute=60-3,192"
60-301,"Act, how cited.",Motor Vehicle Registration Act,"Sections 60-301 to 60-3,236 shall be known and may be cited as the Motor Vehicle Registration Act.",https://nebraskalegislature.gov/laws/statutes.php?statute=60-301
60-3201,"Act, how cited.",Automatic License Plate Reader Privacy Act,Sections 60-3201 to 60-3209 shall be known and may be cited as the Automatic License Plate Reader Privacy Act.,https://nebraskalegislature.gov/laws/statutes.php?statute=60-3201
60-3401,"Act, how cited.",Peer-to-Peer Vehicle Sharing Program Act,Sections 60-3401 to 60-3415 shall be known and may be cited as the Peer-to-Peer Vehicle Sharing Program Act.,https://nebraskalegislature.gov/laws/statutes.php?statute=60-3401
60-462,"Act, how cited.",Motor Vehicle Operator's License Act,"Sections 60-462 to 60-4,189 shall be known and may be cited as the Motor Vehicle Operator's License Act.",https://nebraskalegislature.gov/laws/statutes.php?statute=60-462
60-569,"Act, how cited.",Motor Vehicle Safety Responsibility Act,Sections 60-501 to 60-569 may be cited as the Motor Vehicle Safety Responsibility Act.,https://nebraskalegislature.gov/laws/statutes.php?statute=60-569
"60-6,118",Manual on Uniform Traffic Control Devices; adoption by Department of Transportation.,Manual on Uniform Traffic Control Devices,"Consistent with the provisions of the Nebraska Rules of the Road, the Department of Transportation may adopt and promulgate rules and regulations adopting and implementing a manual providing a uniform system of traffic control devices on all highways within this state which, together with any supplements adopted by the department, shall be known as the Manual on Uniform Traffic Control Devices.","https://nebraskalegislature.gov/laws/statutes.php?statute=60-6,118"
60-601,"Rules, how cited.",Nebraska Rules of the Road,"Sections 60-601 to 60-6,383 shall be known and may be cited as the Nebraska Rules of the Road.",https://nebraskalegislature.gov/laws/statutes.php?statute=60-601
61-301,"Act, how cited.",Perkins County Canal Project Act,Sections 61-301 to 61-304 shall be known and may be cited as the Perkins County Canal Project Act.,https://nebraskalegislature.gov/laws/statutes.php?statute=61-301
61-302,Legislative findings and declarations.,Perkins County Canal Project,"(2) The Legislature declares that a canal and associated storage facilities, which shall be known as the Perkins County Canal Project, shall be developed, constructed, managed, and operated under the authority of the State of Nebraska consistent with the South Platte River Compact and pursuant to the Perkins County Canal Project Act.",https://nebraskalegislature.gov/laws/statutes.php?statute=61-302
61-401,"Act, how cited.",Jobs and Economic Development Initiative Act,Sections 61-401 to 61-405 shall be known and may be cited as the Jobs and Economic Development Initiative Act and may also be referred to as the JEDI Act.,https://nebraskalegislature.gov/laws/statutes.php?statute=61-401
61-501,"Act, how cited.",Public Water and Natural Resources Project Contracting Act,Sections 61-501 to 61-520 shall be known and may be cited as the Public Water and Natural Resources Project Contracting Act.,https://nebraskalegislature.gov/laws/statutes.php?statute=61-501
64-209,"Act, how cited.",Uniform Recognition of Acknowledgments Act,Sections 64-201 to 64-210 may be cited as the Uniform Recognition of Acknowledgments Act.,https://nebraskalegislature.gov/laws/statutes.php?statute=64-209
64-301,"Act, how cited.",Electronic Notary Public Act,Sections 64-301 to 64-317 shall be known and may be cited as the Electronic Notary Public Act.,https://nebraskalegislature.gov/laws/statutes.php?statute=64-301
64-401,"Act, how cited.",Online Notary Public Act,Sections 64-401 to 64-420 shall be known as the Online Notary Public Act.,https://nebraskalegislature.gov/laws/statutes.php?statute=64-401
66-1330,"Act, how cited.",Ethanol Development Act,Sections 66-1330 to 66-1351 shall be known and may be cited as the Ethanol Development Act.,https://nebraskalegislature.gov/laws/statutes.php?statute=66-1330
66-1401,"Act, how cited.",International Fuel Tax Agreement Act,Sections 66-1401 to 66-1428 shall be known and may be cited as the International Fuel Tax Agreement Act.,https://nebraskalegislature.gov/laws/statutes.php?statute=66-1401
66-1501,"Act, how cited.",Petroleum Release Remedial Action Act,Sections 66-1501 to 66-1531 shall be known and may be cited as the Petroleum Release Remedial Action Act.,https://nebraskalegislature.gov/laws/statutes.php?statute=66-1501
66-1601,"Act, how cited.",Propane Education and Research Act,Sections 66-1601 to 66-1627 shall be known and may be cited as the Propane Education and Research Act.,https://nebraskalegislature.gov/laws/statutes.php?statute=66-1601
66-1801,"Act, how cited.",State Natural Gas Regulation Act,Sections 66-1801 to 66-1868 shall be known and may be cited as the State Natural Gas Regulation Act.,https://nebraskalegislature.gov/laws/statutes.php?statute=66-1801
66-201,"Act, how cited.",Nebraska Clean-burning Motor Fuel Development Act,Sections 66-201 to 66-204 shall be known and may be cited as the Nebraska Clean-burning Motor Fuel Development Act.,https://nebraskalegislature.gov/laws/statutes.php?statute=66-201
66-2208,"E-15 Access Standard Act, how cited.",E-15 Access Standard Act,Sections 66-2208 to 66-2218 shall be known and may be cited as the E-15 Access Standard Act.,https://nebraskalegislature.gov/laws/statutes.php?statute=66-2208
66-2302,"Act, how cited.",Nuclear and Hydrogen Development Act,Sections 66-2302 to 66-2308 shall be known and may be cited as the Nuclear and Hydrogen Development Act.,https://nebraskalegislature.gov/laws/statutes.php?statute=66-2302
66-697,"Act, how cited.",Compressed Fuel Tax Act,"Sections 66-697 to 66-6,116 shall be known and may be cited as the Compressed Fuel Tax Act.",https://nebraskalegislature.gov/laws/statutes.php?statute=66-697
67-296,"Act, how cited.",Nebraska Uniform Limited Partnership Act,"Sections 67-233 to 67-2,100 shall be known and may be cited as the Nebraska Uniform Limited Partnership Act.",https://nebraskalegislature.gov/laws/statutes.php?statute=67-296
67-401,"Act, how cited.",Uniform Partnership Act of 1998,Sections 67-401 to 67-467 shall be known and may be cited as the Uniform Partnership Act of 1998.,https://nebraskalegislature.gov/laws/statutes.php?statute=67-401
68-1111,"Act, how cited.",Aging and Disability Resource Center Act,Sections 68-1111 to 68-1120 shall be known and may be cited as the Aging and Disability Resource Center Act.,https://nebraskalegislature.gov/laws/statutes.php?statute=68-1111
68-1401,"Act, how cited.",Genetically Handicapped Persons Act,Sections 68-1401 to 68-1406 shall be known and may be cited as the Genetically Handicapped Persons Act.,https://nebraskalegislature.gov/laws/statutes.php?statute=68-1401
68-1501,"Act, how cited.",Disabled Persons and Family Support Act,Sections 68-1501 to 68-1519 shall be known and may be cited as the Disabled Persons and Family Support Act.,https://nebraskalegislature.gov/laws/statutes.php?statute=68-1501
68-1601,"Act, how cited.",Homeless Shelter Assistance Trust Fund Act,Sections 68-1601 to 68-1608 shall be known and may be cited as the Homeless Shelter Assistance Trust Fund Act.,https://nebraskalegislature.gov/laws/statutes.php?statute=68-1601
68-1708,"Act, how cited.",Welfare Reform Act,03 shall be known and may be cited as the Welfare Reform Act.,https://nebraskalegislature.gov/laws/statutes.php?statute=68-1708
68-1801,"Act, how cited.",ICF/DD Reimbursement Protection Act,Sections 68-1801 to 68-1809 shall be known and may be cited as the ICF/DD Reimbursement Protection Act.,https://nebraskalegislature.gov/laws/statutes.php?statute=68-1801
68-1901,"Act, how cited.",Nursing Facility Quality Assurance Assessment Act,Sections 68-1901 to 68-1930 shall be known and may be cited as the Nursing Facility Quality Assurance Assessment Act.,https://nebraskalegislature.gov/laws/statutes.php?statute=68-1901
68-2001,"Act, how cited.",Children's Health and Treatment Act,Sections 68-2001 to 68-2005 shall be known and may be cited as the Children's Health and Treatment Act.,https://nebraskalegislature.gov/laws/statutes.php?statute=68-2001
68-2101,"Act, how cited.",Hospital Quality Assurance and Access Assessment Act,Sections 68-2101 to 68-2109 shall be known and may be cited as the Hospital Quality Assurance and Access Assessment Act.,https://nebraskalegislature.gov/laws/statutes.php?statute=68-2101
68-2201,"Act, how cited.",Medicaid Access and Quality Act,Sections 68-2201 to 68-2208 shall be known and may be cited as the Medicaid Access and Quality Act.,https://nebraskalegislature.gov/laws/statutes.php?statute=68-2201
68-2301,"Act, how cited.",Family Home Visitation Act,Sections 68-2301 to 68-2309 shall be known and may be cited as the Family Home Visitation Act.,https://nebraskalegislature.gov/laws/statutes.php?statute=68-2301
68-901,"Medical Assistance Act; act, how cited.",Medical Assistance Act,"Sections 68-901 to 68-9,111 shall be known and may be cited as the Medical Assistance Act.",https://nebraskalegislature.gov/laws/statutes.php?statute=68-901
68-934,"False Medicaid Claims Act; act, how cited.",False Medicaid Claims Act,Sections 68-934 to 68-947 shall be known and may be cited as the False Medicaid Claims Act.,https://nebraskalegislature.gov/laws/statutes.php?statute=68-934
68-950,"Medicaid Prescription Drug Act, how cited.",Medicaid Prescription Drug Act,Sections 68-950 to 68-956 shall be known and may be cited as the Medicaid Prescription Drug Act.,https://nebraskalegislature.gov/laws/statutes.php?statute=68-950
68-962,"Autism Treatment Program Act; act, how cited.",Autism Treatment Program Act,Sections 68-962 to 68-966 shall be known and may be cited as the Autism Treatment Program Act.,https://nebraskalegislature.gov/laws/statutes.php?statute=68-962
68-977,"Ground Emergency Medical Transport Act; act, how cited.",Ground Emergency Medical Transport Act,Sections 68-977 to 68-988 shall be known and may be cited as the Ground Emergency Medical Transport Act.,https://nebraskalegislature.gov/laws/statutes.php?statute=68-977
69-1329,"Act, how cited.",Uniform Disposition of Unclaimed Property Act,Sections 69-1301 to 69-1329 shall be known and may be cited as the Uniform Disposition of Unclaimed Property Act.,https://nebraskalegislature.gov/laws/statutes.php?statute=69-1329
69-1801,"Act, how cited.",American Indian Arts and Crafts Sales Act,Sections 69-1801 to 69-1808 shall be known and may be cited as the American Indian Arts and Crafts Sales Act.,https://nebraskalegislature.gov/laws/statutes.php?statute=69-1801
69-2001,"Act, how cited.",Degradable Products Act,Sections 69-2001 to 69-2012 shall be known and may be cited as the Degradable Products Act.,https://nebraskalegislature.gov/laws/statutes.php?statute=69-2001
69-2101,"Act, how cited.",Consumer Rental Purchase Agreement Act,Sections 69-2101 to 69-2119 shall be known and may be cited as the Consumer Rental Purchase Agreement Act.,https://nebraskalegislature.gov/laws/statutes.php?statute=69-2101
69-2301,"Act, how cited.",Disposition of Personal Property Landlord and Tenant Act,Sections 69-2301 to 69-2314 shall be known and may be cited as the Disposition of Personal Property Landlord and Tenant Act.,https://nebraskalegislature.gov/laws/statutes.php?statute=69-2301
69-2427,"Act, how cited.",Concealed Handgun Permit Act,Sections 69-2427 to 69-2449 shall be known and may be cited as the Concealed Handgun Permit Act.,https://nebraskalegislature.gov/laws/statutes.php?statute=69-2427
69-2501,"Act, how cited.",Plastic Container Coding Act,Sections 69-2501 to 69-2507 shall be known and may be cited as the Plastic Container Coding Act.,https://nebraskalegislature.gov/laws/statutes.php?statute=69-2501
69-2601,"Act, how cited.",Assistive Technology Regulation Act,Sections 69-2601 to 69-2619 shall be known and may be cited as the Assistive Technology Regulation Act.,https://nebraskalegislature.gov/laws/statutes.php?statute=69-2601
69-301,"Act, how cited.",Mail Order Contact Lens Act,Sections 69-301 to 69-307 shall be known and may be cited as the Mail Order Contact Lens Act.,https://nebraskalegislature.gov/laws/statutes.php?statute=69-301
69-308,"Act, how cited.",Consumer Protection in Eye Care Act,Sections 69-308 to 69-314 shall be known and may be cited as the Consumer Protection in Eye Care Act.,https://nebraskalegislature.gov/laws/statutes.php?statute=69-308
69-501,"Act, how cited.",Reduced Cigarette Ignition Propensity Act,Sections 69-501 to 69-511 shall be known and may be cited as the Reduced Cigarette Ignition Propensity Act.,https://nebraskalegislature.gov/laws/statutes.php?statute=69-501
70-1401,"Act, how cited.",Joint Public Power Authority Act,Sections 70-1401 to 70-1423 shall be known and may be cited as the Joint Public Power Authority Act.,https://nebraskalegislature.gov/laws/statutes.php?statute=70-1401
70-1801,"Act, how cited.",Public Entities Mandated Project Charges Act,Sections 70-1801 to 70-1819 shall be known and may be cited as the Public Entities Mandated Project Charges Act.,https://nebraskalegislature.gov/laws/statutes.php?statute=70-1801
70-1901,"Act, how cited.",Rural Community-Based Energy Development Act,Sections 70-1901 to 70-1909 shall be known and may be cited as the Rural Community-Based Energy Development Act.,https://nebraskalegislature.gov/laws/statutes.php?statute=70-1901
70-2101,"Act, how cited.",Public Power Infrastructure Protection Act,Sections 70-2101 to 70-2105 shall be known and may be cited as the Public Power Infrastructure Protection Act.,https://nebraskalegislature.gov/laws/statutes.php?statute=70-2101
70-701,"Act, how cited.",Electric Cooperative Corporation Act,Sections 70-701 to 70-738 may be cited as the Electric Cooperative Corporation Act.,https://nebraskalegislature.gov/laws/statutes.php?statute=70-701
71-1101,"Act, how cited.",Developmental Disabilities Court-Ordered Custody Act,Sections 71-1101 to 71-1134 shall be known and may be cited as the Developmental Disabilities Court-Ordered Custody Act.,https://nebraskalegislature.gov/laws/statutes.php?statute=71-1101
71-1201,"Act, how cited.",Sex Offender Commitment Act,01 shall be known and may be cited as the Sex Offender Commitment Act.,https://nebraskalegislature.gov/laws/statutes.php?statute=71-1201
71-1355,"Act, how cited.",Cremation of Human Remains Act,Sections 71-1355 to 71-1385 shall be known and may be cited as the Cremation of Human Remains Act.,https://nebraskalegislature.gov/laws/statutes.php?statute=71-1355
71-1555,"Act, how cited.",Nebraska Uniform Standards for Modular Housing Units Act,01 shall be known and may be cited as the Nebraska Uniform Standards for Modular Housing Units Act.,https://nebraskalegislature.gov/laws/statutes.php?statute=71-1555
71-1572,"Act, how cited.",Nebraska Housing Agency Act,"Sections 71-1572 to 71-15,170 shall be known and may be cited as the Nebraska Housing Agency Act.",https://nebraskalegislature.gov/laws/statutes.php?statute=71-1572
"71-17,101","Act, how cited.",Nursing Student Loan Act,"Sections 71-17,101 to 71-17,107 shall be known and may be cited as the Nursing Student Loan Act.","https://nebraskalegislature.gov/laws/statutes.php?statute=71-17,101"
"71-17,108","Act, how cited.",Nursing Faculty Student Loan Act,"Sections 71-17,108 to 71-17,116 shall be known and may be cited as the Nursing Faculty Student Loan Act.","https://nebraskalegislature.gov/laws/statutes.php?statute=71-17,108"
71-1796,"Act, how cited.",Nebraska Center for Nursing Act,Sections 71-1796 to 71-1799 shall be known and may be cited as the Nebraska Center for Nursing Act.,https://nebraskalegislature.gov/laws/statutes.php?statute=71-1796
71-1908,"Child Care Licensing Act; act, how cited; legislative findings.",Child Care Licensing Act,03 shall be known and may be cited as the Child Care Licensing Act.,https://nebraskalegislature.gov/laws/statutes.php?statute=71-1908
71-1924,"Children's Residential Facilities and Placing Licensure Act; act, how cited.",Children's Residential Facilities and Placing Licensure Act,Sections 71-1924 to 71-1951 shall be known and may be cited as the Children's Residential Facilities and Placing Licensure Act.,https://nebraskalegislature.gov/laws/statutes.php?statute=71-1924
71-1952,"Step Up to Quality Child Care Act; act, how cited.",Step Up to Quality Child Care Act,Sections 71-1952 to 71-1964 shall be known and may be cited as the Step Up to Quality Child Care Act.,https://nebraskalegislature.gov/laws/statutes.php?statute=71-1952
"71-20,102","Act, how cited.",Nonprofit Hospital Sale Act,"Sections 71-20,102 to 71-20,113 shall be known and may be cited as the Nonprofit Hospital Sale Act.","https://nebraskalegislature.gov/laws/statutes.php?statute=71-20,102"
71-2001,"Act, how cited.",State Hospital Survey and Construction Act,Sections 71-2001 to 71-2016 may be cited as the State Hospital Survey and Construction Act.,https://nebraskalegislature.gov/laws/statutes.php?statute=71-2001
71-224,"Act, how cited.",Barber Act,Sections 71-201 to 71-261 shall be known and may be cited as the Barber Act.,https://nebraskalegislature.gov/laws/statutes.php?statute=71-224
71-2301,"Act, how cited.",Nebraska Prostitution Intervention and Treatment Act,Sections 71-2301 to 71-2305 shall be known and may be cited as the Nebraska Prostitution Intervention and Treatment Act.,https://nebraskalegislature.gov/laws/statutes.php?statute=71-2301
"71-24,103","Nebraska Medical Cannabis Patient Protection Act, how cited.",Nebraska Medical Cannabis Patient Protection Act,"Sections 71-24,103 to 71-24,105 shall be known and may be cited as the Nebraska Medical Cannabis Patient Protection Act.","https://nebraskalegislature.gov/laws/statutes.php?statute=71-24,103"
"71-24,106","Nebraska Medical Cannabis Regulation Act, how cited.",Nebraska Medical Cannabis Regulation Act,"Sections 71-24,106 to 71-24,111 shall be known and may be cited as the Nebraska Medical Cannabis Regulation Act.","https://nebraskalegislature.gov/laws/statutes.php?statute=71-24,106"
71-2406,"Mail Service Pharmacy Licensure Act; act, how cited.",Mail Service Pharmacy Licensure Act,Sections 71-2406 to 71-2409 shall be known and may be cited as the Mail Service Pharmacy Licensure Act.,https://nebraskalegislature.gov/laws/statutes.php?statute=71-2406
71-2410,"Emergency Box Drug Act; act, how cited.",Emergency Box Drug Act,Sections 71-2410 to 71-2417 shall be known and may be cited as the Emergency Box Drug Act.,https://nebraskalegislature.gov/laws/statutes.php?statute=71-2410
71-2422,"Cancer Drug Repository Program Act; act, how cited.",Cancer Drug Repository Program Act,Sections 71-2422 to 71-2430 shall be known and may be cited as the Cancer Drug Repository Program Act.,https://nebraskalegislature.gov/laws/statutes.php?statute=71-2422
71-2436,"Immunosuppressant Drug Repository Program Act; act, how cited.",Immunosuppressant Drug Repository Program Act,Sections 71-2436 to 71-2443 shall be known and may be cited as the Immunosuppressant Drug Repository Program Act.,https://nebraskalegislature.gov/laws/statutes.php?statute=71-2436
71-2444,"Automated Medication Systems Act; act, how cited.",Automated Medication Systems Act,Sections 71-2444 to 71-2452 shall be known and may be cited as the Automated Medication Systems Act.,https://nebraskalegislature.gov/laws/statutes.php?statute=71-2444
71-2457,"Prescription Drug Safety Act; act, how cited.",Prescription Drug Safety Act,Sections 71-2457 to 71-2483 shall be known and may be cited as the Prescription Drug Safety Act.,https://nebraskalegislature.gov/laws/statutes.php?statute=71-2457
71-2485,"Opioid Prevention and Treatment Act, how cited.",Opioid Prevention and Treatment Act,Sections 71-2485 to 71-2495 shall be known and may be cited as the Opioid Prevention and Treatment Act.,https://nebraskalegislature.gov/laws/statutes.php?statute=71-2485
71-2496,"Prescription Drug Donation Program Act, how cited.",Prescription Drug Donation Program Act,"Sections 71-2496 to 71-24,102 shall be known and may be cited as the Prescription Drug Donation Program Act.",https://nebraskalegislature.gov/laws/statutes.php?statute=71-2496
71-2501.01,"Act, how cited.",Poison Control Act,Sections 71-2501 to 71-2512 shall be known and may be cited as the Poison Control Act.,https://nebraskalegislature.gov/laws/statutes.php?statute=71-2501.01
71-2513,"Act, how cited.",Childhood Lead Poisoning Prevention Act,Sections 71-2513 to 71-2517 shall be known and may be cited as the Childhood Lead Poisoning Prevention Act.,https://nebraskalegislature.gov/laws/statutes.php?statute=71-2513
71-2701,"Act, how cited.",Health Care Crisis Protocol Act,Sections 71-2701 to 71-2705 shall be known and may be cited as the Health Care Crisis Protocol Act.,https://nebraskalegislature.gov/laws/statutes.php?statute=71-2701
71-3001,"Act, how cited.",Nebraska Mental Health First Aid Training Act,Sections 71-3001 to 71-3007 shall be known and may be cited as the Nebraska Mental Health First Aid Training Act.,https://nebraskalegislature.gov/laws/statutes.php?statute=71-3001
71-3404,"Child and Maternal Death Review Act, how cited; child deaths; stillbirths; maternal deaths and severe maternal morbidity; legislative findings and intent.",Child and Maternal Death Review Act,(1) Sections 71-3404 to 71-3411 shall be known and may be cited as the Child and Maternal Death Review Act.,https://nebraskalegislature.gov/laws/statutes.php?statute=71-3404
71-3412,"Domestic Abuse Death Review Act, how cited.",Domestic Abuse Death Review Act,Sections 71-3412 to 71-3421 shall be known and may be cited as the Domestic Abuse Death Review Act.,https://nebraskalegislature.gov/laws/statutes.php?statute=71-3412
71-3422,"Overdose Fatality Review Teams Act, how cited.",Overdose Fatality Review Teams Act,Sections 71-3422 to 71-3437 shall be known and may be cited as the Overdose Fatality Review Teams Act.,https://nebraskalegislature.gov/laws/statutes.php?statute=71-3422
71-3519,"Act, how cited.",Radiation Control Act,Sections 71-3501 to 71-3520 shall be known and may be cited as the Radiation Control Act.,https://nebraskalegislature.gov/laws/statutes.php?statute=71-3519
71-3601.01,"Act, how cited.",Tuberculosis Detection and Prevention Act,Sections 71-3601 to 71-3614 shall be known and may be cited as the Tuberculosis Detection and Prevention Act.,https://nebraskalegislature.gov/laws/statutes.php?statute=71-3601.01
71-3701,"Act, how cited.",Brain Injury Assistance Act,Sections 71-3701 to 71-3706 shall be known and may be cited as the Brain Injury Assistance Act.,https://nebraskalegislature.gov/laws/statutes.php?statute=71-3701
71-3801,"Act, how cited.",Kratom Consumer Protection Act,Sections 71-3801 to 71-3815 shall be known and may be cited as the Kratom Consumer Protection Act.,https://nebraskalegislature.gov/laws/statutes.php?statute=71-3801
71-3901,"Act, how cited.",Indoor Tanning Facility Act,Sections 71-3901 to 71-3909 shall be known and may be cited as the Indoor Tanning Facility Act.,https://nebraskalegislature.gov/laws/statutes.php?statute=71-3901
71-401,"Act, how cited.",Health Care Facility Licensure Act,Sections 71-401 to 71-479 shall be known and may be cited as the Health Care Facility Licensure Act.,https://nebraskalegislature.gov/laws/statutes.php?statute=71-401
71-4101,"Act, how cited.",Down Syndrome Diagnosis Information and Support Act,Sections 71-4101 to 71-4104 shall be known and may be cited as the Down Syndrome Diagnosis Information and Support Act.,https://nebraskalegislature.gov/laws/statutes.php?statute=71-4101
71-4201,"Act, how cited.",Stroke System of Care Act,Sections 71-4201 to 71-4210 shall be known and may be cited as the Stroke System of Care Act.,https://nebraskalegislature.gov/laws/statutes.php?statute=71-4201
71-4601,"Act, how cited.",Uniform Standard Code for Manufactured Homes and Recreational Vehicles,01 shall be known and may be cited as the Uniform Standard Code for Manufactured Homes and Recreational Vehicles.,https://nebraskalegislature.gov/laws/statutes.php?statute=71-4601
71-4734,"Act, how cited.",Infant Hearing Act,Sections 71-4734 to 71-4744 shall be known and may be cited as the Infant Hearing Act.,https://nebraskalegislature.gov/laws/statutes.php?statute=71-4734
71-4824,"Act, how cited.",Revised Uniform Anatomical Gift Act,Sections 71-4824 to 71-4845 shall be known and may be cited as the Revised Uniform Anatomical Gift Act.,https://nebraskalegislature.gov/laws/statutes.php?statute=71-4824
71-5001,"Act, how cited.",Compassion and Care for Medically Challenging Pregnancies Act,Sections 71-5001 to 71-5004 shall be known and may be cited as the Compassion and Care for Medically Challenging Pregnancies Act.,https://nebraskalegislature.gov/laws/statutes.php?statute=71-5001
71-516.01,"Act, how cited.",Alzheimer's Special Care Disclosure Act,01 to 71-517 shall be known and may be cited as the Alzheimer's Special Care Disclosure Act.,https://nebraskalegislature.gov/laws/statutes.php?statute=71-516.01
71-5210,"Act, how cited.",Primary Care Provider Act,Sections 71-5210 to 71-5212 shall be known and may be cited as the Primary Care Provider Act.,https://nebraskalegislature.gov/laws/statutes.php?statute=71-5210
71-526,"Act, how cited.",Childhood Vaccine Act,Sections 71-526 to 71-530 shall be known and may be cited as the Childhood Vaccine Act.,https://nebraskalegislature.gov/laws/statutes.php?statute=71-526
71-5313,"Act, how cited.",Nebraska Safe Drinking Water Act,Sections 71-5301 to 71-5313 shall be known and may be cited as the Nebraska Safe Drinking Water Act.,https://nebraskalegislature.gov/laws/statutes.php?statute=71-5313
71-5314,"Act, how cited.",Drinking Water State Revolving Fund Act,Sections 71-5314 to 71-5327 shall be known and may be cited as the Drinking Water State Revolving Fund Act.,https://nebraskalegislature.gov/laws/statutes.php?statute=71-5314
71-553,"Act, how cited.",Newborn Critical Congenital Heart Disease Screening Act,Sections 71-553 to 71-557 shall be known and may be cited as the Newborn Critical Congenital Heart Disease Screening Act.,https://nebraskalegislature.gov/laws/statutes.php?statute=71-553
71-561,"Act, how cited.",Alzheimer's Disease and Other Dementia Support Act,Sections 71-561 to 71-567 shall be known and may be cited as the Alzheimer's Disease and Other Dementia Support Act.,https://nebraskalegislature.gov/laws/statutes.php?statute=71-561
71-5650,"Rural Health Systems and Professional Incentive Act; act, how cited.",Rural Health Systems and Professional Incentive Act,Sections 71-5650 to 71-5670 shall be known and may be cited as the Rural Health Systems and Professional Incentive Act.,https://nebraskalegislature.gov/laws/statutes.php?statute=71-5650
71-5680,"Rural Behavioral Health Training and Placement Program Act; act, how cited.",Rural Behavioral Health Training and Placement Program Act,Sections 71-5680 to 71-5683 shall be known and may be cited as the Rural Behavioral Health Training and Placement Program Act.,https://nebraskalegislature.gov/laws/statutes.php?statute=71-5680
71-5716,"Act, how cited.",Nebraska Clean Indoor Air Act,Sections 71-5716 to 71-5735 shall be known and may be cited as the Nebraska Clean Indoor Air Act.,https://nebraskalegislature.gov/laws/statutes.php?statute=71-5716
71-5801,"Act, how cited.",Nebraska Health Care Certificate of Need Act,Sections 71-5801 to 71-5870 shall be known and may be cited as the Nebraska Health Care Certificate of Need Act.,https://nebraskalegislature.gov/laws/statutes.php?statute=71-5801
71-5901,"Act, how cited.",Assisted-Living Facility Act,Sections 71-5901 to 71-5909 shall be known and may be cited as the Assisted-Living Facility Act.,https://nebraskalegislature.gov/laws/statutes.php?statute=71-5901
71-601,"Act, how cited.",Vital Statistics Act,Sections 71-601 to 71-649 shall be known and may be cited as the Vital Statistics Act.,https://nebraskalegislature.gov/laws/statutes.php?statute=71-601
71-6037,"Act, how cited.",Nebraska Nursing Home Act,Sections 71-6008 to 71-6037 shall be known and may be cited as the Nebraska Nursing Home Act.,https://nebraskalegislature.gov/laws/statutes.php?statute=71-6037
71-6101,"Act, how cited.",Interior Design Voluntary Registration Act,Sections 71-6101 to 71-6108 shall be known and may be cited as the Interior Design Voluntary Registration Act.,https://nebraskalegislature.gov/laws/statutes.php?statute=71-6101
71-617.01,"Delayed Birth Registration Act, how cited.",Delayed Birth Registration Act,15 shall be known and may be cited as the Delayed Birth Registration Act.,https://nebraskalegislature.gov/laws/statutes.php?statute=71-617.01
71-6201,"Act, how cited.",Nebraska Regulation of Health Professions Act,Sections 71-6201 to 71-6229 shall be known and may be cited as the Nebraska Regulation of Health Professions Act.,https://nebraskalegislature.gov/laws/statutes.php?statute=71-6201
71-6317,"Asbestos Control Act; act, how cited.",Asbestos Control Act,Sections 71-6301 to 71-6317 shall be known and may be cited as the Asbestos Control Act.,https://nebraskalegislature.gov/laws/statutes.php?statute=71-6317
71-6318,"Residential Lead-Based Paint Professions Practice Act; act, how cited.",Residential Lead-Based Paint Professions Practice Act,01 shall be known and may be cited as the Residential Lead-Based Paint Professions Practice Act.,https://nebraskalegislature.gov/laws/statutes.php?statute=71-6318
71-6401,"Act, how cited.",Building Construction Act,Sections 71-6401 to 71-6408 shall be known and may be cited as the Building Construction Act.,https://nebraskalegislature.gov/laws/statutes.php?statute=71-6401
71-6718,"Act, how cited.",Medication Aide Act,Sections 71-6718 to 71-6742 shall be known and may be cited as the Medication Aide Act.,https://nebraskalegislature.gov/laws/statutes.php?statute=71-6718
71-6912,"Act, how cited.",Preborn Child Protection Act,Sections 71-6912 to 71-6917 shall be known and may be cited as the Preborn Child Protection Act.,https://nebraskalegislature.gov/laws/statutes.php?statute=71-6912
71-7101,"Act, how cited.",Critical Incident Stress Management Act,Sections 71-7101 to 71-7113 shall be known and may be cited as the Critical Incident Stress Management Act.,https://nebraskalegislature.gov/laws/statutes.php?statute=71-7101
71-7201,"Act, how cited.",Uniform Determination of Death Act,Sections 71-7201 to 71-7203 shall be known and may be cited as the Uniform Determination of Death Act.,https://nebraskalegislature.gov/laws/statutes.php?statute=71-7201
71-7301,"Act, how cited.",Let Them Grow Act,Sections 71-7301 to 71-7307 shall be known and may be cited as the Let Them Grow Act.,https://nebraskalegislature.gov/laws/statutes.php?statute=71-7301
71-7427,"Act, how cited.",Wholesale Drug Distributor Licensing Act,Sections 71-7427 to 71-7463 shall be known and may be cited as the Wholesale Drug Distributor Licensing Act.,https://nebraskalegislature.gov/laws/statutes.php?statute=71-7427
71-7605,"Act, how cited.",Nebraska Health Care Funding Act,Sections 71-7605 to 71-7611 shall be known and may be cited as the Nebraska Health Care Funding Act.,https://nebraskalegislature.gov/laws/statutes.php?statute=71-7605
71-7615,"Act, how cited.",Native American Public Health Act,Sections 71-7615 to 71-7622 shall be known and may be cited as the Native American Public Health Act.,https://nebraskalegislature.gov/laws/statutes.php?statute=71-7615
71-7701,"Act, how cited.",Health Care Facility-Provider Cooperation Act,Sections 71-7701 to 71-7711 shall be known and may be cited as the Health Care Facility-Provider Cooperation Act.,https://nebraskalegislature.gov/laws/statutes.php?statute=71-7701
71-7801,"Act, how cited.",Primary Care Investment Act,Sections 71-7801 to 71-7807 shall be known and may be cited as the Primary Care Investment Act.,https://nebraskalegislature.gov/laws/statutes.php?statute=71-7801
71-7904,"Act, how cited.",Health Care Quality Improvement Act,Sections 71-7904 to 71-7913 shall be known and may be cited as the Health Care Quality Improvement Act.,https://nebraskalegislature.gov/laws/statutes.php?statute=71-7904
71-8001,"Act, how cited.",Certified Industrial Hygienist Title Protection Act,Sections 71-8001 to 71-8008 shall be known and may be cited as the Certified Industrial Hygienist Title Protection Act.,https://nebraskalegislature.gov/laws/statutes.php?statute=71-8001
71-801,"Nebraska Behavioral Health Services Act; act, how cited.",Nebraska Behavioral Health Services Act,Sections 71-801 to 71-830 and the Certified Community Behavioral Health Clinic Act shall be known and may be cited as the Nebraska Behavioral Health Services Act.,https://nebraskalegislature.gov/laws/statutes.php?statute=71-801
71-8201,"Act, how cited.",Statewide Trauma System Act,Sections 71-8201 to 71-8253 shall be known and may be cited as the Statewide Trauma System Act.,https://nebraskalegislature.gov/laws/statutes.php?statute=71-8201
71-821,"Children and Family Behavioral Health Support Act; act, how cited.",Children and Family Behavioral Health Support Act,Sections 71-821 to 71-826 shall be known and may be cited as the Children and Family Behavioral Health Support Act.,https://nebraskalegislature.gov/laws/statutes.php?statute=71-821
71-828,"Behavioral Health Workforce Act; act, how cited.",Behavioral Health Workforce Act,Sections 71-828 to 71-830 shall be known and may be cited as the Behavioral Health Workforce Act.,https://nebraskalegislature.gov/laws/statutes.php?statute=71-828
71-832,"Certified Community Behavioral Health Clinic Act; act, how cited.",Certified Community Behavioral Health Clinic Act,Sections 71-832 to 71-837 shall be known and may be cited as the Certified Community Behavioral Health Clinic Act.,https://nebraskalegislature.gov/laws/statutes.php?statute=71-832
71-8501,"Act, how cited.",Nebraska Telehealth Act,Sections 71-8501 to 71-8508 shall be known and may be cited as the Nebraska Telehealth Act.,https://nebraskalegislature.gov/laws/statutes.php?statute=71-8501
71-8601,"Act, how cited.",Commission for the Blind and Visually Impaired Act,Sections 71-8601 to 71-8616 shall be known and may be cited as the Commission for the Blind and Visually Impaired Act.,https://nebraskalegislature.gov/laws/statutes.php?statute=71-8601
71-8701,"Act, how cited.",Patient Safety Improvement Act,Sections 71-8701 to 71-8722 shall be known and may be cited as the Patient Safety Improvement Act.,https://nebraskalegislature.gov/laws/statutes.php?statute=71-8701
71-8801,"Act, how cited.",Stem Cell Research Act,Sections 71-8801 to 71-8806 shall be known and may be cited as the Stem Cell Research Act.,https://nebraskalegislature.gov/laws/statutes.php?statute=71-8801
71-8901,"Act, how cited.",Veterinary Drug Distribution Licensing Act,Sections 71-8901 to 71-8929 shall be known and may be cited as the Veterinary Drug Distribution Licensing Act.,https://nebraskalegislature.gov/laws/statutes.php?statute=71-8901
71-9002,"Act, how cited.",Domestic Violence and Sex Trafficking Survivor Assistance Act,Sections 71-9002 to 71-9005 shall be known and may be cited as the Domestic Violence and Sex Trafficking Survivor Assistance Act.,https://nebraskalegislature.gov/laws/statutes.php?statute=71-9002
71-901,"Act, how cited.",Nebraska Mental Health Commitment Act,Sections 71-901 to 71-964 shall be known and may be cited as the Nebraska Mental Health Commitment Act.,https://nebraskalegislature.gov/laws/statutes.php?statute=71-901
71-9101,"Act, how cited.",Concussion Awareness Act,Sections 71-9101 to 71-9106 shall be known and may be cited as the Concussion Awareness Act.,https://nebraskalegislature.gov/laws/statutes.php?statute=71-9101
71-9301,"Act, how cited.",Home Care Consumer Bill of Rights Act,Sections 71-9301 to 71-9306 shall be known and may be cited as the Home Care Consumer Bill of Rights Act.,https://nebraskalegislature.gov/laws/statutes.php?statute=71-9301
71-9401,"Act, how cited.",Assisting Caregiver Transitions Act,Sections 71-9401 to 71-9408 shall be known and may be cited as the Assisting Caregiver Transitions Act.,https://nebraskalegislature.gov/laws/statutes.php?statute=71-9401
71-9501,"Act, how cited.",Direct Primary Care Agreement Act,Sections 71-9501 to 71-9511 shall be known and may be cited as the Direct Primary Care Agreement Act.,https://nebraskalegislature.gov/laws/statutes.php?statute=71-9501
71-9601,"Act, how cited.",Investigational Drug Use Act,Sections 71-9601 to 71-9611 shall be known and may be cited as the Investigational Drug Use Act.,https://nebraskalegislature.gov/laws/statutes.php?statute=71-9601
72-1260,"Act, how cited.",Nebraska State Funds Investment Act,Sections 72-1237 to 72-1260 shall be known and may be cited as the Nebraska State Funds Investment Act.,https://nebraskalegislature.gov/laws/statutes.php?statute=72-1260
72-1269,"Act, how cited.",Nebraska Capital Expansion Act,Sections 72-1261 to 72-1269 shall be known and may be cited as the Nebraska Capital Expansion Act.,https://nebraskalegislature.gov/laws/statutes.php?statute=72-1269
72-1701,"Act, how cited.",Nebraska Small Business Incubator Act,Sections 72-1701 to 72-1712 shall be known and may be cited as the Nebraska Small Business Incubator Act.,https://nebraskalegislature.gov/laws/statutes.php?statute=72-1701
72-1902,Nebraska Tree Recovery Program; legislative intent; administration; rules and regulations.,Nebraska Tree Recovery Program,"The Nebraska Forest Service of the University of Nebraska Institute of Agriculture and Natural Resources Department of Forestry, Fisheries and Wildlife shall administer the program through a grant process, and the program shall be known as the Nebraska Tree Recovery Program.",https://nebraskalegislature.gov/laws/statutes.php?statute=72-1902
72-2004.01,"Act, how cited.",Niobrara Scenic River Act,01 to 72-2012 shall be known and may be cited as the Niobrara Scenic River Act.,https://nebraskalegislature.gov/laws/statutes.php?statute=72-2004.01
72-2201,"Act, how cited.",Nebraska State Capitol Preservation and Restoration Act,Sections 72-2201 to 72-2216 shall be known and may be cited as the Nebraska State Capitol Preservation and Restoration Act.,https://nebraskalegislature.gov/laws/statutes.php?statute=72-2201
72-2301,"Act, how cited.",Public Facilities Construction and Finance Act,Sections 72-2301 to 72-2310 shall be known and may be cited as the Public Facilities Construction and Finance Act.,https://nebraskalegislature.gov/laws/statutes.php?statute=72-2301
72-701.01,"Nebraska Emergency Seat of State Government Act; act, how cited.",Nebraska Emergency Seat of State Government Act,06 shall be known and may be cited as the Nebraska Emergency Seat of State Government Act.,https://nebraskalegislature.gov/laws/statutes.php?statute=72-701.01
73-1001,"Act, how cited.",Secure Drone Purchasing Act,Sections 73-1001 to 73-1005 shall be known and may be cited as the Secure Drone Purchasing Act.,https://nebraskalegislature.gov/laws/statutes.php?statute=73-1001
73-1101,"Act, how cited.",State Building Construction Alternatives Act,Sections 73-1101 to 73-1119 shall be known and may be cited as the State Building Construction Alternatives Act.,https://nebraskalegislature.gov/laws/statutes.php?statute=73-1101
73-601,"Act, how cited.",Transparency in Government Procurement Act,Sections 73-601 to 73-605 shall be known and may be cited as the Transparency in Government Procurement Act.,https://nebraskalegislature.gov/laws/statutes.php?statute=73-601
73-801,"Act, how cited.",State Procurement Act,Sections 73-801 to 73-819 shall be known and may be cited as the State Procurement Act.,https://nebraskalegislature.gov/laws/statutes.php?statute=73-801
73-901,"Act, how cited.",Foreign Adversary Contracting Prohibition Act,Sections 73-901 to 73-908 shall be known and may be cited as the Foreign Adversary Contracting Prohibition Act.,https://nebraskalegislature.gov/laws/statutes.php?statute=73-901
74-1329,"Act, how cited.",Nebraska Highway-Rail Grade Crossing Safety and Consolidation Act,Sections 74-1329 to 74-1343 shall be known and may be cited as the Nebraska Highway-Rail Grade Crossing Safety and Consolidation Act.,https://nebraskalegislature.gov/laws/statutes.php?statute=74-1329
75-1001,"Act, how cited.",Water Service Regulation Act,Sections 75-1001 to 75-1012 shall be known and may be cited as the Water Service Regulation Act.,https://nebraskalegislature.gov/laws/statutes.php?statute=75-1001
75-901,"Act, how cited.",Grain Dealer Act,Sections 75-901 to 75-910 shall be known and may be cited as the Grain Dealer Act.,https://nebraskalegislature.gov/laws/statutes.php?statute=75-901
76-1214,"Act, how cited.",Relocation Assistance Act,Sections 76-1214 to 76-1242 shall be known and may be cited as the Relocation Assistance Act.,https://nebraskalegislature.gov/laws/statutes.php?statute=76-1214
76-1401,"Act, how cited.",Uniform Residential Landlord and Tenant Act,Sections 76-1401 to 76-1449 shall be known and may be cited as the Uniform Residential Landlord and Tenant Act.,https://nebraskalegislature.gov/laws/statutes.php?statute=76-1401
76-1450,"Act, how cited.",Mobile Home Landlord and Tenant Act,"Sections 76-1450 to 76-14,111 shall be known and may be cited as the Mobile Home Landlord and Tenant Act.",https://nebraskalegislature.gov/laws/statutes.php?statute=76-1450
76-1601,"Act, how cited.",Self-Service Storage Facilities Act,Sections 76-1601 to 76-1609 shall be known and may be cited as the Self-Service Storage Facilities Act.,https://nebraskalegislature.gov/laws/statutes.php?statute=76-1601
76-1701,"Act, how cited.",Nebraska Time-Share Act,Sections 76-1701 to 76-1741 shall be known and may be cited as the Nebraska Time-Share Act.,https://nebraskalegislature.gov/laws/statutes.php?statute=76-1701
76-1901,"Act, how cited.",Farm Homestead Protection Act,Sections 76-1901 to 76-1916 shall be known and may be cited as the Farm Homestead Protection Act.,https://nebraskalegislature.gov/laws/statutes.php?statute=76-1901
"76-2,118","Act, how cited.",Conservation and Preservation Easements Act,"Sections 76-2,111 to 76-2,118 shall be known and may be cited as the Conservation and Preservation Easements Act.","https://nebraskalegislature.gov/laws/statutes.php?statute=76-2,118"
"76-2,127",Short title.,Uniform Easement Relocation Act,"Sections 76-2,127 to 76-2,140 shall be known and may be cited as the Uniform Easement Relocation Act.","https://nebraskalegislature.gov/laws/statutes.php?statute=76-2,127"
76-2001,"Act, how cited.",Uniform Statutory Rule Against Perpetuities Act,Sections 76-2001 to 76-2008 shall be known and may be cited as the Uniform Statutory Rule Against Perpetuities Act.,https://nebraskalegislature.gov/laws/statutes.php?statute=76-2001
76-2101,"Act, how cited.",Membership Campground Act,Sections 76-2101 to 76-2121 shall be known and may be cited as the Membership Campground Act.,https://nebraskalegislature.gov/laws/statutes.php?statute=76-2101
76-2201,"Act, how cited.",Real Property Appraiser Act,Sections 76-2201 to 76-2250 shall be known and may be cited as the Real Property Appraiser Act.,https://nebraskalegislature.gov/laws/statutes.php?statute=76-2201
76-2301,"Act, how cited.",One-Call Notification System Act,Sections 76-2301 to 76-2334 shall be known and may be cited as the One-Call Notification System Act.,https://nebraskalegislature.gov/laws/statutes.php?statute=76-2301
76-2501,"Act, how cited.",Nebraska Plane Coordinate System Act,Sections 76-2501 to 76-2506 shall be known and may be cited as the Nebraska Plane Coordinate System Act.,https://nebraskalegislature.gov/laws/statutes.php?statute=76-2501
76-2601,"Act, how cited.",Uniform Environmental Covenants Act,Sections 76-2601 to 76-2613 may be cited as the Uniform Environmental Covenants Act.,https://nebraskalegislature.gov/laws/statutes.php?statute=76-2601
76-2701,"Act, how cited.",Nebraska Foreclosure Protection Act,Sections 76-2701 to 76-2728 shall be known and may be cited as the Nebraska Foreclosure Protection Act.,https://nebraskalegislature.gov/laws/statutes.php?statute=76-2701
76-2801,"Act, how cited.",Nebraska Security Instrument Satisfaction Act,Sections 76-2801 to 76-2807 shall be known and may be cited as the Nebraska Security Instrument Satisfaction Act.,https://nebraskalegislature.gov/laws/statutes.php?statute=76-2801
76-3101,"Act, how cited.",Private Transfer Fee Obligation Act,Sections 76-3101 to 76-3112 shall be known and may be cited as the Private Transfer Fee Obligation Act.,https://nebraskalegislature.gov/laws/statutes.php?statute=76-3101
76-3201,"Act, how cited.",Nebraska Appraisal Management Company Registration Act,Sections 76-3201 to 76-3223 shall be known and may be cited as the Nebraska Appraisal Management Company Registration Act.,https://nebraskalegislature.gov/laws/statutes.php?statute=76-3201
76-3301,"Act, how cited.",Oil Pipeline Reclamation Act,Sections 76-3301 to 76-3308 shall be known and may be cited as the Oil Pipeline Reclamation Act.,https://nebraskalegislature.gov/laws/statutes.php?statute=76-3301
76-3401,"Act, how cited.",Nebraska Uniform Real Property Transfer on Death Act,Sections 76-3401 to 76-3424 shall be known and may be cited as the Nebraska Uniform Real Property Transfer on Death Act.,https://nebraskalegislature.gov/laws/statutes.php?statute=76-3401
76-3501,"Act, how cited.",Radon Resistant New Construction Act,Sections 76-3501 to 76-3507 shall be known and may be cited as the Radon Resistant New Construction Act.,https://nebraskalegislature.gov/laws/statutes.php?statute=76-3501
76-3701,"Act, how cited.",Foreign-owned Real Estate National Security Act,Sections 76-3701 to 76-3717 shall be known and may be cited as the Foreign-owned Real Estate National Security Act.,https://nebraskalegislature.gov/laws/statutes.php?statute=76-3701
76-3801,"Act, how cited.",Uniform Unlawful Restrictions in Land Records Act,Sections 76-3801 to 76-3809 shall be known and may be cited as the Uniform Unlawful Restrictions in Land Records Act.,https://nebraskalegislature.gov/laws/statutes.php?statute=76-3801
76-535,"Act, how cited.",Abstracters Act,Sections 76-535 to 76-558 shall be known and may be cited as the Abstracters Act.,https://nebraskalegislature.gov/laws/statutes.php?statute=76-535
76-601,"Act, how cited.",Carbon Monoxide Safety Act,Sections 76-601 to 76-607 shall be known and may be cited as the Carbon Monoxide Safety Act.,https://nebraskalegislature.gov/laws/statutes.php?statute=76-601
76-801,"Act, how cited.",Condominium Property Act,Sections 76-801 to 76-823 shall be known as the Condominium Property Act.,https://nebraskalegislature.gov/laws/statutes.php?statute=76-801
76-825,"Act, how cited.",Nebraska Condominium Act,Sections 76-825 to 76-894 shall be known and may be cited as the Nebraska Condominium Act.,https://nebraskalegislature.gov/laws/statutes.php?statute=76-825
77-1001,"Act, how cited.",Nebraska Advantage Transformational Tourism and Redevelopment Act,Sections 77-1001 to 77-1035 shall be known and may be cited as the Nebraska Advantage Transformational Tourism and Redevelopment Act.,https://nebraskalegislature.gov/laws/statutes.php?statute=77-1001
77-1101,"Act, how cited.",New Markets Job Growth Investment Act,Sections 77-1101 to 77-1120 shall be known and may be cited as the New Markets Job Growth Investment Act.,https://nebraskalegislature.gov/laws/statutes.php?statute=77-1101
77-1237,"Personal Property Tax Relief Act; act, how cited.",Personal Property Tax Relief Act,Sections 77-1237 to 77-1239 shall be known and may be cited as the Personal Property Tax Relief Act.,https://nebraskalegislature.gov/laws/statutes.php?statute=77-1237
77-1410,"Act, how cited.",Give to Enable Support Act,Sections 77-1410 to 77-1414 shall be known and may be cited as the Give to Enable Support Act.,https://nebraskalegislature.gov/laws/statutes.php?statute=77-1410
77-1630,"Property Tax Request Act, how cited.",Property Tax Request Act,Sections 77-1630 to 77-1634 shall be known and may be cited as the Property Tax Request Act.,https://nebraskalegislature.gov/laws/statutes.php?statute=77-1630
77-2007.02,Uniform Reciprocal Transfer Tax Act; construction; citation.,Uniform Reciprocal Transfer Tax Act,02 shall be known as the Uniform Reciprocal Transfer Tax Act.,https://nebraskalegislature.gov/laws/statutes.php?statute=77-2007.02
77-213,"Recreational Trail Easement Property Tax Exemption Act, how cited.",Recreational Trail Easement Property Tax Exemption Act,Sections 77-213 to 77-218 shall be known and may be cited as the Recreational Trail Easement Property Tax Exemption Act.,https://nebraskalegislature.gov/laws/statutes.php?statute=77-213
"77-23,109","Public Entities Pooled Investment Act, how cited.",Public Entities Pooled Investment Act,"Sections 77-23,109 to 77-23,114 shall be known and may be cited as the Public Entities Pooled Investment Act.","https://nebraskalegislature.gov/laws/statutes.php?statute=77-23,109"
77-2386,"Public Funds Deposit Security Act, how cited.",Public Funds Deposit Security Act,"Sections 77-2386 to 77-23,108 shall be known and may be cited as the Public Funds Deposit Security Act.",https://nebraskalegislature.gov/laws/statutes.php?statute=77-2386
77-2501,"Act, how cited.",Affordable Housing Tax Credit Act,Sections 77-2501 to 77-2508 shall be known and may be cited as the Affordable Housing Tax Credit Act.,https://nebraskalegislature.gov/laws/statutes.php?statute=77-2501
"77-27,148","Act, how cited.",Local Option Revenue Act,"Sections 77-27,142 to 77-27,148 may be cited as the Local Option Revenue Act.","https://nebraskalegislature.gov/laws/statutes.php?statute=77-27,148"
"77-27,155","Act, how cited.",Air and Water Pollution Control Tax Refund Act,"Sections 77-27,149 to 77-27,155 shall be known as the Air and Water Pollution Control Tax Refund Act.","https://nebraskalegislature.gov/laws/statutes.php?statute=77-27,155"
"77-27,174","Act, how cited.",Tax Refund Setoff Act,"Sections 77-27,174 to 77-27,184 shall be known and may be cited as the Tax Refund Setoff Act.","https://nebraskalegislature.gov/laws/statutes.php?statute=77-27,174"
"77-27,187","Act, how cited.",Nebraska Advantage Rural Development Act,"Sections 77-27,187 to 77-27,195 shall be known and may be cited as the Nebraska Advantage Rural Development Act.","https://nebraskalegislature.gov/laws/statutes.php?statute=77-27,187"
77-2701,"Act, how cited.",Nebraska Revenue Act of 1967,"01, 77-27,222, 77-27,235, 77-27,236, and 77-27,238 to 77-27,242 shall be known and may be cited as the Nebraska Revenue Act of 1967.",https://nebraskalegislature.gov/laws/statutes.php?statute=77-2701
77-2734.16,Income tax; unitary business; three-factor formula.,three-factor formula,"The average of the property, payroll, and sales factors, which shall be known as the three-factor formula, shall be computed for each year and then combined with the sales factor only using the following percentages: (1) For 1987, the weight of the three-factor formula shall be one hundred percent; (2) For 1988, the weight of the three-factor formula shall be eighty percent and the sales factor shall be twenty percent; (3) For 1989, the weight of the three-factor formula shall be sixty percent and the sales factor shall be forty percent; (4) For 1990, the weight of the three-factor formula shall be forty percent and the sales factor shall be sixty percent; and (5) For 1991, the weight of the three-factor formula shall be twenty percent and the sales factor shall be eighty percent.",https://nebraskalegislature.gov/laws/statutes.php?statute=77-2734.16
77-2901,"Nebraska Job Creation and Mainstreet Revitalization Act, how cited.",Nebraska Job Creation and Mainstreet Revitalization Act,Sections 77-2901 to 77-2912 shall be known and may be cited as the Nebraska Job Creation and Mainstreet Revitalization Act.,https://nebraskalegislature.gov/laws/statutes.php?statute=77-2901
77-2913,"Community Development Assistance Act, how cited.",Community Development Assistance Act,Sections 77-2913 to 77-2920 shall be known and may be cited as the Community Development Assistance Act.,https://nebraskalegislature.gov/laws/statutes.php?statute=77-2913
"77-3,120","Financial Institution Data Match Act, how cited.",Financial Institution Data Match Act,"Sections 77-3,120 to 77-3,127 shall be known and may be cited as the Financial Institution Data Match Act.","https://nebraskalegislature.gov/laws/statutes.php?statute=77-3,120"
77-3011,"Act, how cited.",Mechanical Amusement Device Tax Act,Sections 77-3001 to 77-3014 shall be known and may be cited as the Mechanical Amusement Device Tax Act.,https://nebraskalegislature.gov/laws/statutes.php?statute=77-3011
77-3101,"Volunteer Emergency Responders Incentive Act, how cited.",Volunteer Emergency Responders Incentive Act,Sections 77-3101 to 77-3106 shall be known and may be cited as the Volunteer Emergency Responders Incentive Act.,https://nebraskalegislature.gov/laws/statutes.php?statute=77-3101
77-3107,"Relocation Incentive Act, how cited.",Relocation Incentive Act,Sections 77-3107 to 77-3112 shall be known and may be cited as the Relocation Incentive Act.,https://nebraskalegislature.gov/laws/statutes.php?statute=77-3107
77-3113,"Creating High Impact Economic Futures Act, how cited.",Creating High Impact Economic Futures Act,Sections 77-3113 to 77-3120 shall be known and may be cited as the Creating High Impact Economic Futures Act and may also be referred to as the CHIEF Act.,https://nebraskalegislature.gov/laws/statutes.php?statute=77-3113
77-3121,"Cast and Crew Nebraska Act, how cited.",Cast and Crew Nebraska Act,Sections 77-3121 to 77-3133 shall be known and may be cited as the Cast and Crew Nebraska Act.,https://nebraskalegislature.gov/laws/statutes.php?statute=77-3121
77-3134,"Nebraska Shortline Rail Modernization Act, how cited.",Nebraska Shortline Rail Modernization Act,Sections 77-3134 to 77-3143 shall be known and may be cited as the Nebraska Shortline Rail Modernization Act.,https://nebraskalegislature.gov/laws/statutes.php?statute=77-3134
77-3144,"Nebraska Pregnancy Help Act, how cited.",Nebraska Pregnancy Help Act,Sections 77-3144 to 77-3153 shall be known and may be cited as the Nebraska Pregnancy Help Act.,https://nebraskalegislature.gov/laws/statutes.php?statute=77-3144
77-3154,"Individuals with Intellectual and Developmental Disabilities Support Act, how cited.",Individuals with Intellectual and Developmental Disabilities Support Act,Sections 77-3154 to 77-3162 shall be known and may be cited as the Individuals with Intellectual and Developmental Disabilities Support Act.,https://nebraskalegislature.gov/laws/statutes.php?statute=77-3154
77-3163,"Caregiver Tax Credit Act, how cited.",Caregiver Tax Credit Act,Sections 77-3163 to 77-3166 shall be known and may be cited as the Caregiver Tax Credit Act.,https://nebraskalegislature.gov/laws/statutes.php?statute=77-3163
77-3167,"Reverse Osmosis System Tax Credit Act, how cited.",Reverse Osmosis System Tax Credit Act,Sections 77-3167 to 77-3170 shall be known and may be cited as the Reverse Osmosis System Tax Credit Act.,https://nebraskalegislature.gov/laws/statutes.php?statute=77-3167
77-3171,"Adoption Tax Credit Act, how cited.",Adoption Tax Credit Act,Sections 77-3171 to 77-3173 shall be known and may be cited as the Adoption Tax Credit Act.,https://nebraskalegislature.gov/laws/statutes.php?statute=77-3171
77-3201,Land Reutilization Authority; created; powers; purpose.,Land Reutilization Authority of the County of,"(1) There may be created within each county an authority for the management, sale, transfer, and other disposition of tax-delinquent lands, which authority shall be known as the Land Reutilization Authority of the County of.",https://nebraskalegislature.gov/laws/statutes.php?statute=77-3201
77-3201,Land Reutilization Authority; created; powers; purpose.,Land Reutilization Authority of the City of,"(3) In counties in which a city of the metropolitan class is located, such a city may create an authority for the management, sale, transfer, and other disposition of tax-delinquent lands which shall be known as the Land Reutilization Authority of the City of.",https://nebraskalegislature.gov/laws/statutes.php?statute=77-3201
77-3213,"Act, how cited.",Land Reutilization Act,Sections 77-3201 to 77-3213 shall be known and may be cited as the Land Reutilization Act.,https://nebraskalegislature.gov/laws/statutes.php?statute=77-3213
77-3315,"Act, how cited.",Uniform Act on Interstate Arbitration and Compromise of Death Taxes,Sections 77-3301 to 77-3316 shall be known and may be cited as the Uniform Act on Interstate Arbitration and Compromise of Death Taxes.,https://nebraskalegislature.gov/laws/statutes.php?statute=77-3315
77-3401,"Act, how cited.",Local Option Tax Control Act,Sections 77-3401 to 77-3411 shall be known and may be cited as the Local Option Tax Control Act.,https://nebraskalegislature.gov/laws/statutes.php?statute=77-3401
77-3601,"Act, how cited.",School Readiness Tax Credit Act,Sections 77-3601 to 77-3607 shall be known and may be cited as the School Readiness Tax Credit Act.,https://nebraskalegislature.gov/laws/statutes.php?statute=77-3601
77-379,"Tax Expenditure Reporting Act, how cited.",Tax Expenditure Reporting Act,Sections 77-379 to 77-385 shall be known and may be cited as the Tax Expenditure Reporting Act.,https://nebraskalegislature.gov/laws/statutes.php?statute=77-379
77-3901,"Act, how cited.",Uniform State Tax Lien Registration and Enforcement Act,Sections 77-3901 to 77-3908 shall be known and may be cited as the Uniform State Tax Lien Registration and Enforcement Act.,https://nebraskalegislature.gov/laws/statutes.php?statute=77-3901
77-4001,"Act, how cited.",Tobacco Products Tax Act,Sections 77-4001 to 77-4027 shall be known and may be cited as the Tobacco Products Tax Act.,https://nebraskalegislature.gov/laws/statutes.php?statute=77-4001
77-4101,"Act, how cited.",Employment and Investment Growth Act,Sections 77-4101 to 77-4112 shall be known and may be cited as the Employment and Investment Growth Act.,https://nebraskalegislature.gov/laws/statutes.php?statute=77-4101
77-4209,"Act, how cited.",Property Tax Credit Act,Sections 77-4209 to 77-4212 shall be known and may be cited as the Property Tax Credit Act.,https://nebraskalegislature.gov/laws/statutes.php?statute=77-4209
77-4401,"Good Life Transformational Projects Act, how cited.",Good Life Transformational Projects Act,Sections 77-4401 to 77-4407 shall be known and may be cited as the Good Life Transformational Projects Act.,https://nebraskalegislature.gov/laws/statutes.php?statute=77-4401
77-4408,"Good Life District Economic Development Act, how cited.",Good Life District Economic Development Act,Sections 77-4408 to 77-4431 shall be known and may be cited as the Good Life District Economic Development Act.,https://nebraskalegislature.gov/laws/statutes.php?statute=77-4408
77-4901,"Act, how cited.",Quality Jobs Act,Sections 77-4901 to 77-4935 shall be known and may be cited as the Quality Jobs Act.,https://nebraskalegislature.gov/laws/statutes.php?statute=77-4901
77-5001,"Act, how cited.",Tax Equalization and Review Commission Act,Sections 77-5001 to 77-5031 shall be known and may be cited as the Tax Equalization and Review Commission Act.,https://nebraskalegislature.gov/laws/statutes.php?statute=77-5001
77-5201,"Act, how cited.",Beginning Farmer Tax Credit Act,Sections 77-5201 to 77-5215 shall be known and may be cited as the Beginning Farmer Tax Credit Act.,https://nebraskalegislature.gov/laws/statutes.php?statute=77-5201
77-5401,"Act, how cited.",Rural Economic Opportunities Act,Sections 77-5401 to 77-5414 shall be known and may be cited as the Rural Economic Opportunities Act.,https://nebraskalegislature.gov/laws/statutes.php?statute=77-5401
77-5501,"Act, how cited.",Invest Nebraska Act,Sections 77-5501 to 77-5544 shall be known and may be cited as the Invest Nebraska Act.,https://nebraskalegislature.gov/laws/statutes.php?statute=77-5501
77-5701,"Act, how cited.",Nebraska Advantage Act,Sections 77-5701 to 77-5735 shall be known and may be cited as the Nebraska Advantage Act.,https://nebraskalegislature.gov/laws/statutes.php?statute=77-5701
77-5801,"Act, how cited.",Nebraska Advantage Research and Development Act,Sections 77-5801 to 77-5808 shall be known and may be cited as the Nebraska Advantage Research and Development Act.,https://nebraskalegislature.gov/laws/statutes.php?statute=77-5801
77-5901,"Act, how cited.",Nebraska Advantage Microenterprise Tax Credit Act,Sections 77-5901 to 77-5908 shall be known and may be cited as the Nebraska Advantage Microenterprise Tax Credit Act.,https://nebraskalegislature.gov/laws/statutes.php?statute=77-5901
77-6101,"Act, how cited.",Long-Term Care Savings Plan Act,Sections 77-6101 to 77-6106 shall be known and may be cited as the Long-Term Care Savings Plan Act.,https://nebraskalegislature.gov/laws/statutes.php?statute=77-6101
77-6301,"Act, how cited.",Angel Investment Tax Credit Act,Sections 77-6301 to 77-6310 shall be known and may be cited as the Angel Investment Tax Credit Act.,https://nebraskalegislature.gov/laws/statutes.php?statute=77-6301
77-6401,"Act, how cited.",Qualified Judgment Payment Act,Sections 77-6401 to 77-6406 shall be known and may be cited as the Qualified Judgment Payment Act.,https://nebraskalegislature.gov/laws/statutes.php?statute=77-6401
77-6501,"Key Employer and Jobs Retention Act, how cited.",Key Employer and Jobs Retention Act,Sections 77-6501 to 77-6523 shall be known and may be cited as the Key Employer and Jobs Retention Act.,https://nebraskalegislature.gov/laws/statutes.php?statute=77-6501
77-6524,"Defense Efforts Workforce Act, how cited.",Defense Efforts Workforce Act,Sections 77-6524 to 77-6543 shall be known and may be cited as the Defense Efforts Workforce Act.,https://nebraskalegislature.gov/laws/statutes.php?statute=77-6524
77-6601,"Act, how cited.",Renewable Chemical Production Tax Credit Act,Sections 77-6601 to 77-6611 shall be known and may be cited as the Renewable Chemical Production Tax Credit Act.,https://nebraskalegislature.gov/laws/statutes.php?statute=77-6601
77-6701,"Act, how cited.",Nebraska Property Tax Incentive Act,Sections 77-6701 to 77-6706 shall be known and may be cited as the Nebraska Property Tax Incentive Act.,https://nebraskalegislature.gov/laws/statutes.php?statute=77-6701
77-6801,"Act, how cited.",ImagiNE Nebraska Act,Sections 77-6801 to 77-6846 shall be known and may be cited as the ImagiNE Nebraska Act.,https://nebraskalegislature.gov/laws/statutes.php?statute=77-6801
77-6901,"Act, how cited.",Urban Redevelopment Act,Sections 77-6901 to 77-6928 shall be known and may be cited as the Urban Redevelopment Act.,https://nebraskalegislature.gov/laws/statutes.php?statute=77-6901
77-7001,"Act, how cited.",Nebraska Higher Blend Tax Credit Act,Sections 77-7001 to 77-7008 shall be known and may be cited as the Nebraska Higher Blend Tax Credit Act.,https://nebraskalegislature.gov/laws/statutes.php?statute=77-7001
77-7009,"Nebraska Biodiesel Tax Credit Act, how cited.",Nebraska Biodiesel Tax Credit Act,Sections 77-7009 to 77-7016 shall be known and may be cited as the Nebraska Biodiesel Tax Credit Act.,https://nebraskalegislature.gov/laws/statutes.php?statute=77-7009
77-7017,"Sustainable Aviation Fuel Tax Credit Act, how cited.",Sustainable Aviation Fuel Tax Credit Act,Sections 77-7017 to 77-7022 shall be known and may be cited as the Sustainable Aviation Fuel Tax Credit Act.,https://nebraskalegislature.gov/laws/statutes.php?statute=77-7017
77-7201,"Act, how cited.",Child Care Tax Credit Act,Sections 77-7201 to 77-7205 shall be known and may be cited as the Child Care Tax Credit Act.,https://nebraskalegislature.gov/laws/statutes.php?statute=77-7201
77-7301,"Act, how cited.",School District Property Tax Relief Act,Sections 77-7301 to 77-7305 shall be known and may be cited as the School District Property Tax Relief Act.,https://nebraskalegislature.gov/laws/statutes.php?statute=77-7301
"79-10,148","Extraordinary Increase in Special Education Expenditures Act, how cited.",Extraordinary Increase in Special Education Expenditures Act,"Sections 79-10,148 to 79-10,151 shall be known and may be cited as the Extraordinary Increase in Special Education Expenditures Act.","https://nebraskalegislature.gov/laws/statutes.php?statute=79-10,148"
79-1001,"Act, how cited.",Tax Equity and Educational Opportunities Support Act,Sections 79-1001 to 79-1033 shall be known and may be cited as the Tax Equity and Educational Opportunities Support Act.,https://nebraskalegislature.gov/laws/statutes.php?statute=79-1001
79-1110,"Act, how cited.",Special Education Act,Sections 79-1110 to 79-1167 shall be known and may be cited as the Special Education Act.,https://nebraskalegislature.gov/laws/statutes.php?statute=79-1110
79-1201,"Act, how cited.",Educational Service Units Act,Sections 79-1201 to 79-1249 shall be known and may be cited as the Educational Service Units Act.,https://nebraskalegislature.gov/laws/statutes.php?statute=79-1201
79-1312,"Act, how cited.",Nebraska Educational Telecommunications Act,Sections 79-1312 to 79-1322 shall be known and may be cited as the Nebraska Educational Telecommunications Act.,https://nebraskalegislature.gov/laws/statutes.php?statute=79-1312
79-1801,"Act, how cited.",Nebraska Elementary and Secondary School Finance Authority Act,Sections 79-1801 to 79-1852 shall be known and may be cited as the Nebraska Elementary and Secondary School Finance Authority Act.,https://nebraskalegislature.gov/laws/statutes.php?statute=79-1801
79-1901,"Act, how cited.","Nebraska Read, Educate","Sections 79-1901 to 79-1904 shall be known and may be cited as the Nebraska Read, Educate, and Develop Youth Act.",https://nebraskalegislature.gov/laws/statutes.php?statute=79-1901
"79-2,114","Act, how cited.",Nebraska Equal Opportunity in Education Act,"Sections 79-2,114 to 79-2,124 shall be known and may be cited as the Nebraska Equal Opportunity in Education Act.","https://nebraskalegislature.gov/laws/statutes.php?statute=79-2,114"
"79-2,125","Act, how cited.",Public Elementary and Secondary Student Fee Authorization Act,"Sections 79-2,125 to 79-2,135 shall be known and may be cited as the Public Elementary and Secondary Student Fee Authorization Act.","https://nebraskalegislature.gov/laws/statutes.php?statute=79-2,125"
"79-2,138","Act, how cited.",Lindsay Ann Burke Act,"Sections 79-2,138 to 79-2,142 shall be known and may be cited as the Lindsay Ann Burke Act.","https://nebraskalegislature.gov/laws/statutes.php?statute=79-2,138"
"79-2,153","Act, how cited.",Student Online Personal Protection Act,"Sections 79-2,153 to 79-2,155 shall be known and may be cited as the Student Online Personal Protection Act.","https://nebraskalegislature.gov/laws/statutes.php?statute=79-2,153"
79-2301,"Act, how cited.",Diploma of High School Equivalency Assistance Act,Sections 79-2301 to 79-2308 shall be known and may be cited as the Diploma of High School Equivalency Assistance Act.,https://nebraskalegislature.gov/laws/statutes.php?statute=79-2301
79-2401,"Act, how cited.",Superintendent Pay Transparency Act,Sections 79-2401 to 79-2405 shall be known and may be cited as the Superintendent Pay Transparency Act.,https://nebraskalegislature.gov/laws/statutes.php?statute=79-2401
79-2501,"Act, how cited.",Expanded Learning Opportunity Grant Program Act,Sections 79-2501 to 79-2510 shall be known and may be cited as the Expanded Learning Opportunity Grant Program Act.,https://nebraskalegislature.gov/laws/statutes.php?statute=79-2501
79-254,"Act, how cited.",Student Discipline Act,Sections 79-254 to 79-294 shall be known and may be cited as the Student Discipline Act.,https://nebraskalegislature.gov/laws/statutes.php?statute=79-254
79-2601,"Act, how cited.",Nebraska Reading Improvement Act,Sections 79-2601 to 79-2607 shall be known and may be cited as the Nebraska Reading Improvement Act.,https://nebraskalegislature.gov/laws/statutes.php?statute=79-2601
79-2801,"Act, how cited.",Purple Star Schools Act,Sections 79-2801 to 79-2804 shall be known and may be cited as the Purple Star Schools Act.,https://nebraskalegislature.gov/laws/statutes.php?statute=79-2801
79-2901,"Act, how cited.",Nebraska Farm-to-School Program Act,Sections 79-2901 to 79-2907 shall be known and may be cited as the Nebraska Farm-to-School Program Act.,https://nebraskalegislature.gov/laws/statutes.php?statute=79-2901
79-3001,"Act, how cited.",Financial Literacy Act,Sections 79-3001 to 79-3004 shall be known and may be cited as the Financial Literacy Act.,https://nebraskalegislature.gov/laws/statutes.php?statute=79-3001
79-3101,"Act, how cited.",School Safety and Security Reporting System Act,Sections 79-3101 to 79-3107 shall be known and may be cited as the School Safety and Security Reporting System Act.,https://nebraskalegislature.gov/laws/statutes.php?statute=79-3101
79-3201,"Act, how cited.",Seizure Safe Schools Act,Sections 79-3201 to 79-3207 shall be known and may be cited as the Seizure Safe Schools Act.,https://nebraskalegislature.gov/laws/statutes.php?statute=79-3201
79-3301,"Act, how cited.",Computer Science and Technology Education Act,Sections 79-3301 to 79-3307 shall be known and may be cited as the Computer Science and Technology Education Act.,https://nebraskalegislature.gov/laws/statutes.php?statute=79-3301
79-3401,"Act, how cited.",School District Property Tax Limitation Act,Sections 79-3401 to 79-3408 shall be known and may be cited as the School District Property Tax Limitation Act.,https://nebraskalegislature.gov/laws/statutes.php?statute=79-3401
79-3601,"Behavioral Intervention Training and Teacher Support Act, how cited.",Behavioral Intervention Training and Teacher Support Act,Sections 79-3601 to 79-3604 shall be known and may be cited as the Behavioral Intervention Training and Teacher Support Act.,https://nebraskalegislature.gov/laws/statutes.php?statute=79-3601
79-3701,"Act, how cited.",College Pathway Program Act,Sections 79-3701 to 79-3705 shall be known and may be cited as the College Pathway Program Act.,https://nebraskalegislature.gov/laws/statutes.php?statute=79-3701
79-3801,"Act, how cited.",Stand With Women Act,Sections 79-3801 to 79-3807 shall be known and may be cited as the Stand With Women Act.,https://nebraskalegislature.gov/laws/statutes.php?statute=79-3801
"79-4,117","Act, how cited.",Learning Community Reorganization Act,"Sections 79-4,117 to 79-4,129 shall be known and may be cited as the Learning Community Reorganization Act.","https://nebraskalegislature.gov/laws/statutes.php?statute=79-4,117"
79-432,"Act, how cited.",Reorganization of School Districts Act,Sections 79-432 to 79-451 shall be known and may be cited as the Reorganization of School Districts Act.,https://nebraskalegislature.gov/laws/statutes.php?statute=79-432
79-757,"Act, how cited.",Quality Education Accountability Act,Sections 79-757 to 79-762 shall be known and may be cited as the Quality Education Accountability Act.,https://nebraskalegislature.gov/laws/statutes.php?statute=79-757
79-772,"Act, how cited.",Center for Student Leadership and Expanded Learning Act,Sections 79-772 to 79-775 shall be known and may be cited as the Center for Student Leadership and Expanded Learning Act.,https://nebraskalegislature.gov/laws/statutes.php?statute=79-772
"79-8,111","Nebraska Teacher Recruitment and Retention Act, how cited.",Nebraska Teacher Recruitment and Retention Act,"Sections 79-8,111 to 79-8,118 shall be known and may be cited as the Nebraska Teacher Recruitment and Retention Act.","https://nebraskalegislature.gov/laws/statutes.php?statute=79-8,111"
"79-8,143","Act, how cited.",Alternative Certification for Quality Teachers Act,01 shall be known and may be cited as the Alternative Certification for Quality Teachers Act.,"https://nebraskalegislature.gov/laws/statutes.php?statute=79-8,143"
"79-8,146","Act, how cited.",Teach in Nebraska Today Act,"Sections 79-8,146 to 79-8,154 shall be known and may be cited as the Teach in Nebraska Today Act.","https://nebraskalegislature.gov/laws/statutes.php?statute=79-8,146"
79-901,"Act, how cited.",School Employees Retirement Act,03 shall be known and may be cited as the School Employees Retirement Act.,https://nebraskalegislature.gov/laws/statutes.php?statute=79-901
79-903,Retirement system; established; purpose.,School Employees Retirement System of the State of Nebraska,"It shall have the powers and privileges of a corporation, insofar as may be necessary to carry out the act, shall be known as the School Employees Retirement System of the State of Nebraska, and by such name shall transact all business as provided in the act.",https://nebraskalegislature.gov/laws/statutes.php?statute=79-903
79-978.01,"Act, how cited.",Class V School Employees Retirement Act,"Sections 79-978 to 79-9,124 shall be known and may be cited as the Class V School Employees Retirement Act.",https://nebraskalegislature.gov/laws/statutes.php?statute=79-978.01
80-301.01,"Act, how cited.",Nebraska Veterans Services Act,01 to 80-337 shall be known and may be cited as the Nebraska Veterans Services Act.,https://nebraskalegislature.gov/laws/statutes.php?statute=80-301.01
"81-1,109","State Acceptance of Gifts Act, how cited.",State Acceptance of Gifts Act,"Sections 81-1,109 to 81-1,115 shall be known and may be cited as the State Acceptance of Gifts Act.","https://nebraskalegislature.gov/laws/statutes.php?statute=81-1,109"
81-1117,"Information management services administrator; powers, duties, and responsibilities; enumerated; restrictions on agency acquisitions; Information Management Revolving Fund; created; use; investment.",Information Management Revolving Fund,The charges received by the department for information management services shall be credited to a fund hereby created which shall be known as the Information Management Revolving Fund.,https://nebraskalegislature.gov/laws/statutes.php?statute=81-1117
81-1183,"Act, how cited.",State Government Recycling Management Act,Sections 81-1183 to 81-1189 shall be known and may be cited as the State Government Recycling Management Act.,https://nebraskalegislature.gov/laws/statutes.php?statute=81-1183
"81-12,106","Act, how cited.",Nebraska Innovation Hub Act,"Sections 81-12,106 to 81-12,115 shall be known and may be cited as the Nebraska Innovation Hub Act.","https://nebraskalegislature.gov/laws/statutes.php?statute=81-12,106"
"81-12,129","Act, how cited.",Nebraska Operational Assistance Act,"Sections 81-12,129 to 81-12,135 shall be known and may be cited as the Nebraska Operational Assistance Act.","https://nebraskalegislature.gov/laws/statutes.php?statute=81-12,129"
"81-12,144","Act, how cited.",Site and Building Development Act,"Sections 81-12,144 to 81-12,151 shall be known and may be cited as the Site and Building Development Act.","https://nebraskalegislature.gov/laws/statutes.php?statute=81-12,144"
"81-12,152","Act, how cited.",Business Innovation Act,"Sections 81-12,152 to 81-12,166 shall be known and may be cited as the Business Innovation Act.","https://nebraskalegislature.gov/laws/statutes.php?statute=81-12,152"
"81-12,168","Act, how cited.",Nebraska Transformational Projects Act,"Sections 81-12,168 to 81-12,194 shall be known and may be cited as the Nebraska Transformational Projects Act.","https://nebraskalegislature.gov/laws/statutes.php?statute=81-12,168"
"81-12,195","Act, how cited.",Nebraska Rural Projects Act,"Sections 81-12,195 to 81-12,218 shall be known and may be cited as the Nebraska Rural Projects Act.","https://nebraskalegislature.gov/laws/statutes.php?statute=81-12,195"
"81-12,219","Act, how cited.",Shovel-Ready Capital Recovery and Investment Act,"Sections 81-12,219 to 81-12,226 shall be known and may be cited as the Shovel-Ready Capital Recovery and Investment Act.","https://nebraskalegislature.gov/laws/statutes.php?statute=81-12,219"
"81-12,227","Act, how cited.",Small Business Stabilization Grant Program Act,"Sections 81-12,227 to 81-12,231 shall be known and may be cited as the Small Business Stabilization Grant Program Act.","https://nebraskalegislature.gov/laws/statutes.php?statute=81-12,227"
"81-12,238","Act, how cited.",Economic Recovery Act,"Sections 81-12,238 to 81-12,243 shall be known and may be cited as the Economic Recovery Act.","https://nebraskalegislature.gov/laws/statutes.php?statute=81-12,238"
81-1226,"Act, how cited.",Rural Workforce Housing Investment Act,Sections 81-1226 to 81-1234 shall be known and may be cited as the Rural Workforce Housing Investment Act.,https://nebraskalegislature.gov/laws/statutes.php?statute=81-1226
81-1235,"Act, how cited.",Middle Income Workforce Housing Investment Act,Sections 81-1235 to 81-1243 shall be known and may be cited as the Middle Income Workforce Housing Investment Act.,https://nebraskalegislature.gov/laws/statutes.php?statute=81-1235
81-1272,"Act, how cited.",Business Development Partnership Act,Sections 81-1272 to 81-1277 shall be known and may be cited as the Business Development Partnership Act.,https://nebraskalegislature.gov/laws/statutes.php?statute=81-1272
81-1369,"Act, how cited.",State Employees Collective Bargaining Act,Sections 81-1369 to 81-1388 shall be known and may be cited as the State Employees Collective Bargaining Act.,https://nebraskalegislature.gov/laws/statutes.php?statute=81-1369
81-1458,"Act, how cited.",Law Enforcement Attraction and Retention Act,Sections 81-1458 to 81-1465 shall be known and may be cited as the Law Enforcement Attraction and Retention Act.,https://nebraskalegislature.gov/laws/statutes.php?statute=81-1458
"81-15,117","Petroleum Products and Hazardous Substances Storage and Handling Act, how cited.",Petroleum Products and Hazardous Substances Storage and Handling Act,"Sections 81-15,117 to 81-15,127 shall be known and may be cited as the Petroleum Products and Hazardous Substances Storage and Handling Act.","https://nebraskalegislature.gov/laws/statutes.php?statute=81-15,117"
"81-15,128","Wastewater Treatment Operator Certification Act, how cited.",Wastewater Treatment Operator Certification Act,"Sections 81-15,128 to 81-15,143 shall be known and may be cited as the Wastewater Treatment Operator Certification Act.","https://nebraskalegislature.gov/laws/statutes.php?statute=81-15,128"
"81-15,147","Wastewater Treatment Facilities Construction Assistance Act, how cited.",Wastewater Treatment Facilities Construction Assistance Act,"Sections 81-15,147 to 81-15,157 shall be known and may be cited as the Wastewater Treatment Facilities Construction Assistance Act.","https://nebraskalegislature.gov/laws/statutes.php?statute=81-15,147"
"81-15,158.01","Waste Reduction and Recycling Incentive Act, how cited.",Waste Reduction and Recycling Incentive Act,"01 to 81-15,165 shall be known and may be cited as the Waste Reduction and Recycling Incentive Act.","https://nebraskalegislature.gov/laws/statutes.php?statute=81-15,158.01"
"81-15,167","Nebraska Environmental Trust Act, how cited.",Nebraska Environmental Trust Act,"Sections 81-15,167 to 81-15,176 shall be known and may be cited as the Nebraska Environmental Trust Act.","https://nebraskalegislature.gov/laws/statutes.php?statute=81-15,167"
"81-15,181","Remedial Action Plan Monitoring Act, how cited.",Remedial Action Plan Monitoring Act,"Sections 81-15,181 to 81-15,188 shall be known and may be cited as the Remedial Action Plan Monitoring Act.","https://nebraskalegislature.gov/laws/statutes.php?statute=81-15,181"
"81-15,191","Nebraska Emergency Planning and Community Right to Know Act, how cited.",Nebraska Emergency Planning and Community Right to Know Act,"Sections 81-15,191 to 81-15,235 shall be known and may be cited as the Nebraska Emergency Planning and Community Right to Know Act.","https://nebraskalegislature.gov/laws/statutes.php?statute=81-15,191"
"81-15,236","Private Onsite Wastewater Treatment System Contractors Certification and System Registration Act, how cited.",Private Onsite Wastewater Treatment System Contractors Certification and System Registration Act,"Sections 81-15,236 to 81-15,253 shall be known and may be cited as the Private Onsite Wastewater Treatment System Contractors Certification and System Registration Act.","https://nebraskalegislature.gov/laws/statutes.php?statute=81-15,236"
"81-15,261","Environmental Safety Act, how cited.",Environmental Safety Act,"Sections 81-15,261 to 81-15,292 shall be known and may be cited as the Environmental Safety Act.","https://nebraskalegislature.gov/laws/statutes.php?statute=81-15,261"
"81-15,278","Uniform Standard Code for Mobile Home Parks, how cited.",Uniform Standard Code for Mobile Home Parks,"Sections 81-15,278 to 81-15,291 shall be known and may be cited as the Uniform Standard Code for Mobile Home Parks.","https://nebraskalegislature.gov/laws/statutes.php?statute=81-15,278"
"81-15,301","Nebraska Environmental Response Act, how cited.",Nebraska Environmental Response Act,"Sections 81-15,301 to 81-15,311 shall be known and may be cited as the Nebraska Environmental Response Act.","https://nebraskalegislature.gov/laws/statutes.php?statute=81-15,301"
"81-15,314","Safe Battery Collection and Recycling Act, how cited.",Safe Battery Collection and Recycling Act,"Sections 81-15,314 to 81-15,330 shall be known and may be cited as the Safe Battery Collection and Recycling Act.","https://nebraskalegislature.gov/laws/statutes.php?statute=81-15,314"
81-1532,"Environmental Protection Act, how cited.",Environmental Protection Act,Sections 81-1501 to 81-1532 shall be known and may be cited as the Environmental Protection Act.,https://nebraskalegislature.gov/laws/statutes.php?statute=81-1532
81-1534,"Nebraska Litter Reduction and Recycling Act, how cited.",Nebraska Litter Reduction and Recycling Act,Sections 81-1534 to 81-1566 shall be known and may be cited as the Nebraska Litter Reduction and Recycling Act.,https://nebraskalegislature.gov/laws/statutes.php?statute=81-1534
81-1578,"Low-Level Radioactive Waste Disposal Act, how cited.",Low-Level Radioactive Waste Disposal Act,"Sections 81-1578 to 81-15,116 shall be known and may be cited as the Low-Level Radioactive Waste Disposal Act.",https://nebraskalegislature.gov/laws/statutes.php?statute=81-1578
81-1702,"Act, how cited.",Nebraska Consultants' Competitive Negotiation Act,Sections 81-1701 to 81-1721 shall be known and may be cited as the Nebraska Consultants' Competitive Negotiation Act.,https://nebraskalegislature.gov/laws/statutes.php?statute=81-1702
81-1841,"Act, how cited.",Nebraska Crime Victim's Reparations Act,Sections 81-1801 to 81-1842 shall be known and may be cited as the Nebraska Crime Victim's Reparations Act.,https://nebraskalegislature.gov/laws/statutes.php?statute=81-1841
81-190,"Act, how cited.",Deferred Building Renewal Act,Sections 81-173 to 81-190 shall be known and may be cited as the Deferred Building Renewal Act.,https://nebraskalegislature.gov/laws/statutes.php?statute=81-190
81-1901,"Act, how cited.",Licensing of Truth and Deception Examiners Act,Sections 81-1901 to 81-1936 shall be known and may be cited as the Licensing of Truth and Deception Examiners Act.,https://nebraskalegislature.gov/laws/statutes.php?statute=81-1901
"81-2,147","Law, how cited.",Nebraska Seed Law,12 shall be known and cited as the Nebraska Seed Law.,"https://nebraskalegislature.gov/laws/statutes.php?statute=81-2,147"
"81-2,162.22","Act, how cited.",Nebraska Commercial Fertilizer and Soil Conditioner Act,28 shall be known and may be cited as the Nebraska Commercial Fertilizer and Soil Conditioner Act.,"https://nebraskalegislature.gov/laws/statutes.php?statute=81-2,162.22"
"81-2,165.01","Act, how cited.",Nebraska Apiary Act,"Sections 81-2,165 to 81-2,180 shall be known and may be cited as the Nebraska Apiary Act.","https://nebraskalegislature.gov/laws/statutes.php?statute=81-2,165.01"
"81-2,239",Nebraska Pure Food Act; provisions included; how cited.,Nebraska Pure Food Act,"01 and 81-2,259, shall be known and may be cited as the Nebraska Pure Food Act.","https://nebraskalegislature.gov/laws/statutes.php?statute=81-2,239"
81-2014.01,"Act, how cited.",Nebraska State Patrol Retirement Act,Sections 81-2014 to 81-2041 shall be known and may be cited as the Nebraska State Patrol Retirement Act.,https://nebraskalegislature.gov/laws/statutes.php?statute=81-2014.01
81-2101,"Act, how cited.",State Electrical Act,Sections 81-2101 to 81-2144 shall be known and may be cited as the State Electrical Act.,https://nebraskalegislature.gov/laws/statutes.php?statute=81-2101
81-2201,"Act, how cited.",Nebraska Community Aging Services Act,Sections 81-2201 to 81-2227 shall be known and may be cited as the Nebraska Community Aging Services Act.,https://nebraskalegislature.gov/laws/statutes.php?statute=81-2201
81-2237,"Act, how cited.",Long-Term Care Ombudsman Act,Sections 81-2237 to 81-2264 shall be known and may be cited as the Long-Term Care Ombudsman Act.,https://nebraskalegislature.gov/laws/statutes.php?statute=81-2237
81-2273,"Act, how cited.",Nebraska Senior Volunteer Program Act,Sections 81-2273 to 81-2283 shall be known and may be cited as the Nebraska Senior Volunteer Program Act.,https://nebraskalegislature.gov/laws/statutes.php?statute=81-2273
81-2401,"Act, how cited.",Prompt Payment Act,Sections 81-2401 to 81-2408 shall be known and may be cited as the Prompt Payment Act.,https://nebraskalegislature.gov/laws/statutes.php?statute=81-2401
81-2701,"Act, how cited.",State Government Effectiveness Act,Sections 81-2701 to 81-2711 shall be known and may be cited as the State Government Effectiveness Act.,https://nebraskalegislature.gov/laws/statutes.php?statute=81-2701
81-3110,"Act, how cited.",Health and Human Services Act,03 shall be known and may be cited as the Health and Human Services Act.,https://nebraskalegislature.gov/laws/statutes.php?statute=81-3110
81-3401,"Act, how cited.",Engineers and Architects Regulation Act,Sections 81-3401 to 81-3455 shall be known and may be cited as the Engineers and Architects Regulation Act.,https://nebraskalegislature.gov/laws/statutes.php?statute=81-3401
81-3501,"Act, how cited.",Geologists Regulation Act,Sections 81-3501 to 81-3550 shall be known and may be cited as the Geologists Regulation Act.,https://nebraskalegislature.gov/laws/statutes.php?statute=81-3501
81-3701,"Act, how cited.",Nebraska Visitors Development Act,Sections 81-3701 to 81-3730 shall be known and may be cited as the Nebraska Visitors Development Act.,https://nebraskalegislature.gov/laws/statutes.php?statute=81-3701
"81-5,115","Act, how cited.",Arson Reporting Immunity Act,"Sections 81-5,115 to 81-5,131 shall be known and may be cited as the Arson Reporting Immunity Act.","https://nebraskalegislature.gov/laws/statutes.php?statute=81-5,115"
"81-5,165","Act, how cited.",Boiler Inspection Act,"Sections 81-5,165 to 81-5,189 shall be known and may be cited as the Boiler Inspection Act.","https://nebraskalegislature.gov/laws/statutes.php?statute=81-5,165"
"81-5,173",State Fire Marshal; adopt rules and regulations; adopt schedule of fees; incorporation of codes.,Boiler Safety Code,"A copy of all rules and regulations adopted and promulgated under the Boiler Inspection Act, including copies of all codes incorporated by reference, shall be kept on file in the office of the State Fire Marshal and shall be known as the Boiler Safety Code.","https://nebraskalegislature.gov/laws/statutes.php?statute=81-5,173"
"81-5,190","Act, how cited.",Nebraska Amusement Ride Act,"Sections 81-5,190 to 81-5,209 shall be known and may be cited as the Nebraska Amusement Ride Act.","https://nebraskalegislature.gov/laws/statutes.php?statute=81-5,190"
"81-5,210","Act, how cited.",Conveyance Safety Act,"Sections 81-5,210 to 81-5,243 shall be known and may be cited as the Conveyance Safety Act.","https://nebraskalegislature.gov/laws/statutes.php?statute=81-5,210"
81-552,"Act, how cited.",Nebraska Natural Gas Pipeline Safety Act of 1969,Sections 81-542 to 81-550 may be cited as the Nebraska Natural Gas Pipeline Safety Act of 1969.,https://nebraskalegislature.gov/laws/statutes.php?statute=81-552
"81-6,111","Act, how cited.",Outpatient Surgical Procedures Data Act,"Sections 81-6,111 to 81-6,119 shall be known and may be cited as the Outpatient Surgical Procedures Data Act.","https://nebraskalegislature.gov/laws/statutes.php?statute=81-6,111"
"81-6,123","Population Health Information Act; act, how cited.",Population Health Information Act,"Sections 81-6,123 to 81-6,126 shall be known and may be cited as the Population Health Information Act.","https://nebraskalegislature.gov/laws/statutes.php?statute=81-6,123"
81-653,"Act, how cited; brain injury registry; legislative intent.",Brain Injury Registry Act,(1) Sections 81-653 to 81-662 shall be known and may be cited as the Brain Injury Registry Act.,https://nebraskalegislature.gov/laws/statutes.php?statute=81-653
81-697,"Act, how cited.",Parkinson's Disease Registry Act,"Sections 81-697 to 81-6,110 shall be known and may be cited as the Parkinson's Disease Registry Act.",https://nebraskalegislature.gov/laws/statutes.php?statute=81-697
"81-8,108.01","Land Surveyors Regulation Act; act, how cited.",Land Surveyors Regulation Act,"Sections 81-8,108 to 81-8,127 shall be known and may be cited as the Land Surveyors Regulation Act.","https://nebraskalegislature.gov/laws/statutes.php?statute=81-8,108.01"
"81-8,183.01","Professional Landscape Architects Act, how cited.",Professional Landscape Architects Act,"01 to 81-8,208 shall be known and may be cited as the Professional Landscape Architects Act.","https://nebraskalegislature.gov/laws/statutes.php?statute=81-8,183.01"
"81-8,235","Act, how cited.",State Tort Claims Act,"Sections 81-8,209 to 81-8,235 shall be known and may be cited as the State Tort Claims Act.","https://nebraskalegislature.gov/laws/statutes.php?statute=81-8,235"
"81-8,294","Act, how cited.",State Miscellaneous Claims Act,"Sections 81-8,294 to 81-8,301 shall be known and may be cited as the State Miscellaneous Claims Act.","https://nebraskalegislature.gov/laws/statutes.php?statute=81-8,294"
"81-8,302","Act, how cited.",State Contract Claims Act,"Sections 81-8,302 to 81-8,306 shall be known and may be cited as the State Contract Claims Act.","https://nebraskalegislature.gov/laws/statutes.php?statute=81-8,302"
"81-8,315","Act, how cited.",In the Line of Duty Compensation Act,"Sections 81-8,315 to 81-8,319 shall be known and may be cited as the In the Line of Duty Compensation Act.","https://nebraskalegislature.gov/laws/statutes.php?statute=81-8,315"
81-825,"Wildfire Control Act of 2013; act, how cited.",Wildfire Control Act of 2013,Sections 81-825 to 81-828 shall be known and may be cited as the Wildfire Control Act of 2013.,https://nebraskalegislature.gov/laws/statutes.php?statute=81-825
81-828.01,"Wildland Fire Response Act, how cited.",Wildland Fire Response Act,07 shall be known and may be cited as the Wildland Fire Response Act.,https://nebraskalegislature.gov/laws/statutes.php?statute=81-828.01
81-829,"Critical Infrastructure Utility Worker Protection Act; act, how cited.",Critical Infrastructure Utility Worker Protection Act,04 shall be known and may be cited as the Critical Infrastructure Utility Worker Protection Act.,https://nebraskalegislature.gov/laws/statutes.php?statute=81-829
81-829.06,"Nebraska Nonprofit Security Grant Program Act, how cited.",Nebraska Nonprofit Security Grant Program Act,11 shall be known and may be cited as the Nebraska Nonprofit Security Grant Program Act.,https://nebraskalegislature.gov/laws/statutes.php?statute=81-829.06
81-829.36,"Act, how cited.",Emergency Management Act,75 shall be known and may be cited as the Emergency Management Act.,https://nebraskalegislature.gov/laws/statutes.php?statute=81-829.36
81-831,"Pacific Conflict Stress Test Act, how cited.",Pacific Conflict Stress Test Act,Sections 81-831 to 81-836 shall be known and may be cited as the Pacific Conflict Stress Test Act.,https://nebraskalegislature.gov/laws/statutes.php?statute=81-831
81-885,"Act, how cited.",Nebraska Real Estate License Act,56 shall be known and may be cited as the Nebraska Real Estate License Act.,https://nebraskalegislature.gov/laws/statutes.php?statute=81-885
82-401,"Act, how cited.",Nebraska Art Collection Act,Sections 82-401 to 82-408 shall be known and may be cited as the Nebraska Art Collection Act.,https://nebraskalegislature.gov/laws/statutes.php?statute=82-401
82-501,"Act, how cited.",Nebraska Archaeological Resources Preservation Act,Sections 82-501 to 82-510 shall be known and may be cited as the Nebraska Archaeological Resources Preservation Act.,https://nebraskalegislature.gov/laws/statutes.php?statute=82-501
82-601,"Act, how cited.",Nebraska Agritourism Promotion Act,Sections 82-601 to 82-607 shall be known and may be cited as the Nebraska Agritourism Promotion Act.,https://nebraskalegislature.gov/laws/statutes.php?statute=82-601
"83-1,135","Act, how cited.",Nebraska Treatment and Corrections Act,05 shall be known and may be cited as the Nebraska Treatment and Corrections Act.,"https://nebraskalegislature.gov/laws/statutes.php?statute=83-1,135"
83-1201,"Act, how cited.",Developmental Disabilities Services Act,Sections 83-1201 to 83-1228 shall be known and may be cited as the Developmental Disabilities Services Act.,https://nebraskalegislature.gov/laws/statutes.php?statute=83-1201
83-305,State hospitals for the mentally ill; official titles.,Lincoln Regional Center,The state hospital established in Lancaster County for the treatment of mental illnesses shall be known as the Lincoln Regional Center.,https://nebraskalegislature.gov/laws/statutes.php?statute=83-305
83-305,State hospitals for the mentally ill; official titles.,Norfolk Regional Center,The state hospital established in Madison County shall be known as the Norfolk Regional Center.,https://nebraskalegislature.gov/laws/statutes.php?statute=83-305
"83-4,153","Act, how cited.",Nebraska Correctional Health Care Services Act,"Sections 83-4,153 to 83-4,165 shall be known and may be cited as the Nebraska Correctional Health Care Services Act.","https://nebraskalegislature.gov/laws/statutes.php?statute=83-4,153"
83-960,"Act, how cited.",Correctional System Overcrowding Emergency Act,Sections 83-960 to 83-963 shall be known and may be cited as the Correctional System Overcrowding Emergency Act.,https://nebraskalegislature.gov/laws/statutes.php?statute=83-960
84-1101,"Act, how cited.",Nebraska General Emergency Succession Act,Sections 84-1101 to 84-1116 shall be known and may be cited as the Nebraska General Emergency Succession Act.,https://nebraskalegislature.gov/laws/statutes.php?statute=84-1101
84-1220,"Act, how cited.",Records Management Act,Sections 84-1201 to 84-1227 shall be known and may be cited as the Records Management Act.,https://nebraskalegislature.gov/laws/statutes.php?statute=84-1220
84-1302,State Employees Retirement System; established; operative date; official name; acceptance of contributions.,State Employees Retirement System of the State of Nebraska,It shall be known as the State Employees Retirement System of the State of Nebraska and by such name shall transact all business and hold all cash and other property as provided in such sections.,https://nebraskalegislature.gov/laws/statutes.php?statute=84-1302
84-1331,"Act, how cited.",State Employees Retirement Act,Sections 84-1301 to 84-1331 shall be known and may be cited as the State Employees Retirement Act.,https://nebraskalegislature.gov/laws/statutes.php?statute=84-1331
84-1407,"Act, how cited.",Open Meetings Act,Sections 84-1407 to 84-1414 shall be known and may be cited as the Open Meetings Act.,https://nebraskalegislature.gov/laws/statutes.php?statute=84-1407
84-1503,Board; duties; director; duties.,Nebraska Public Employees Retirement Systems,The agency for the administration of the retirement systems and under the direction of the board shall be known and may be cited as the Nebraska Public Employees Retirement Systems; (b) To appoint a director to administer the systems under the direction of the board.,https://nebraskalegislature.gov/laws/statutes.php?statute=84-1503
84-1503,Board; duties; director; duties.,Nebraska Public Employees Retirement Systems,The agency for the administration of this provision and under the direction of the board shall be known and may be cited as the Nebraska Public Employees Retirement Systems.,https://nebraskalegislature.gov/laws/statutes.php?statute=84-1503
84-1601,Program; established; coverage; employees of the Nebraska State Patrol; optional coverage.,Nebraska State Insurance Program,Such program shall be known as the Nebraska State Insurance Program and shall replace any current program of such insurance in effect in any agency and funded in whole or in part by state contributions.,https://nebraskalegislature.gov/laws/statutes.php?statute=84-1601
84-1618,"Act, how cited.",Direct Primary Care Pilot Program Act,Sections 84-1618 to 84-1627 shall be known and may be cited as the Direct Primary Care Pilot Program Act.,https://nebraskalegislature.gov/laws/statutes.php?statute=84-1618
84-602.01,Taxpayer Transparency Act.,Taxpayer Transparency Act,04 shall be known and may be cited as the Taxpayer Transparency Act.,https://nebraskalegislature.gov/laws/statutes.php?statute=84-602.01
84-920,"Act, how cited.",Administrative Procedure Act,"Sections 84-901 to 84-920, the Occupational Board Reform Act, and the Personal Privacy Protection Act shall be known and may be cited as the Administrative Procedure Act.",https://nebraskalegislature.gov/laws/statutes.php?statute=84-920
84-921,"Act, how cited.",Negotiated Rulemaking Act,Sections 84-921 to 84-932 shall be known and may be cited as the Negotiated Rulemaking Act.,https://nebraskalegislature.gov/laws/statutes.php?statute=84-921
84-933,"Act, how cited.",Occupational Board Reform Act,Sections 84-933 to 84-950 shall be known and may be cited as the Occupational Board Reform Act.,https://nebraskalegislature.gov/laws/statutes.php?statute=84-933
85-1201,"Act, how cited.",Nebraska Collegiate Athletic Association Procedures Act,Sections 85-1201 to 85-1210 shall be known and may be cited as the Nebraska Collegiate Athletic Association Procedures Act.,https://nebraskalegislature.gov/laws/statutes.php?statute=85-1201
85-121,Nebraska College of Technical Agriculture at Curtis; creation; location; purpose.,Nebraska College of Technical Agriculture at Curtis,04 and shall be known as the Nebraska College of Technical Agriculture at Curtis.,https://nebraskalegislature.gov/laws/statutes.php?statute=85-121
85-1401,"Act, how cited.",Coordinating Commission for Postsecondary Education Act,Sections 85-1401 to 85-1420 shall be known and may be cited as the Coordinating Commission for Postsecondary Education Act.,https://nebraskalegislature.gov/laws/statutes.php?statute=85-1401
85-1506,Community College Board of Governors; membership.,Community College Board of Governors for the community college area the board serves,The governing boards shall be known as the Community College Board of Governors for the community college area the board serves.,https://nebraskalegislature.gov/laws/statutes.php?statute=85-1506
85-1601,"Act, how cited.",Private Postsecondary Career School Act,Sections 85-1601 to 85-1658 shall be known and may be cited as the Private Postsecondary Career School Act.,https://nebraskalegislature.gov/laws/statutes.php?statute=85-1601
85-1901,"Act, how cited.",Nebraska Opportunity Grant Act,Sections 85-1901 to 85-1920 shall be known and may be cited as the Nebraska Opportunity Grant Act.,https://nebraskalegislature.gov/laws/statutes.php?statute=85-1901
85-2001,"Act, how cited.",Community College Gap Assistance Program Act,Sections 85-2001 to 85-2011 shall be known and may be cited as the Community College Gap Assistance Program Act.,https://nebraskalegislature.gov/laws/statutes.php?statute=85-2001
85-2101,"Act, how cited.",Access College Early Scholarship Program Act,Sections 85-2101 to 85-2108 shall be known and may be cited as the Access College Early Scholarship Program Act.,https://nebraskalegislature.gov/laws/statutes.php?statute=85-2101
85-2231,"Act, how cited.",Community College Aid Act,Sections 85-2231 to 85-2238 shall be known and may be cited as the Community College Aid Act.,https://nebraskalegislature.gov/laws/statutes.php?statute=85-2231
85-2301,"Act, how cited.",In the Line of Duty Dependent Education Act,Sections 85-2301 to 85-2306 shall be known and may be cited as the In the Line of Duty Dependent Education Act.,https://nebraskalegislature.gov/laws/statutes.php?statute=85-2301
85-2401,"Act, how cited.",Postsecondary Institution Act,Sections 85-2401 to 85-2428 shall be known and may be cited as the Postsecondary Institution Act.,https://nebraskalegislature.gov/laws/statutes.php?statute=85-2401
85-2609,"Act, how cited.",First Responder Recruitment and Retention Act,Sections 85-2609 to 85-2625 shall be known and may be cited as the First Responder Recruitment and Retention Act.,https://nebraskalegislature.gov/laws/statutes.php?statute=85-2609
85-2701,"Act, how cited.",Veteran and Active Duty Supportive Postsecondary Institution Act,Sections 85-2701 to 85-2706 shall be known and may be cited as the Veteran and Active Duty Supportive Postsecondary Institution Act.,https://nebraskalegislature.gov/laws/statutes.php?statute=85-2701
85-2801,"Act, how cited.",Meadowlark Act,Sections 85-2801 to 85-2805 shall be known and may be cited as the Meadowlark Act.,https://nebraskalegislature.gov/laws/statutes.php?statute=85-2801
85-2901,"Act, how cited.",Veteran Promise Act,Sections 85-2901 to 85-2905 shall be known and may be cited as the Veteran Promise Act.,https://nebraskalegislature.gov/laws/statutes.php?statute=85-2901
85-3001,"Act, how cited.",Nebraska Career Scholarship Act,Sections 85-3001 to 85-3006 shall be known and may be cited as the Nebraska Career Scholarship Act.,https://nebraskalegislature.gov/laws/statutes.php?statute=85-3001
85-3101,"Act, how cited.",Excellence in Teaching Act,"Sections 85-3101 to 85-3115 shall be known and may be cited as the Excellence in Teaching Act and shall include the Attracting Excellence to Teaching Program, the Enhancing Excellence in Teaching Program, and the Career-Readiness and Dual-Credit Education Grant Program.",https://nebraskalegislature.gov/laws/statutes.php?statute=85-3101
85-3201,"Act, how cited.",Door to College Scholarship Act,Sections 85-3201 to 85-3211 shall be known and may be cited as the Door to College Scholarship Act.,https://nebraskalegislature.gov/laws/statutes.php?statute=85-3201
"85-9,166","Act, how cited.",Nebraska Equal Opportunity in Postsecondary Education Act,"Sections 85-9,166 to 85-9,176 shall be known and may be cited as the Nebraska Equal Opportunity in Postsecondary Education Act.","https://nebraskalegislature.gov/laws/statutes.php?statute=85-9,166"
"85-9,177","Act, how cited.",Student Diversity Scholarship Program Act,"Sections 85-9,177 to 85-9,182 shall be known and may be cited as the Student Diversity Scholarship Program Act.","https://nebraskalegislature.gov/laws/statutes.php?statute=85-9,177"
86-101,"Act, how cited.",Nebraska Telecommunications Regulation Act,Sections 86-101 to 86-166 shall be known and may be cited as the Nebraska Telecommunications Regulation Act.,https://nebraskalegislature.gov/laws/statutes.php?statute=86-101
86-1201,"Act, how cited.",Small Wireless Facilities Deployment Act,Sections 86-1201 to 86-1244 shall be known and may be cited as the Small Wireless Facilities Deployment Act.,https://nebraskalegislature.gov/laws/statutes.php?statute=86-1201
86-1301,"Act, how cited.",Nebraska Broadband Bridge Act,Sections 86-1301 to 86-1313 shall be known and may be cited as the Nebraska Broadband Bridge Act.,https://nebraskalegislature.gov/laws/statutes.php?statute=86-1301
86-1401,"Act, how cited.",Precision Agriculture Infrastructure Grant Act,Sections 86-1401 to 86-1406 shall be known and may be cited as the Precision Agriculture Infrastructure Grant Act.,https://nebraskalegislature.gov/laws/statutes.php?statute=86-1401
86-1501,"Act, how cited.",Rural Communications Sustainability Act,Sections 86-1501 to 86-1507 shall be known and may be cited as the Rural Communications Sustainability Act.,https://nebraskalegislature.gov/laws/statutes.php?statute=86-1501
86-1601,"Act, how cited.",Telecommunications Exchange Deregulation Act,Sections 86-1601 to 86-1611 shall be known and may be cited as the Telecommunications Exchange Deregulation Act.,https://nebraskalegislature.gov/laws/statutes.php?statute=86-1601
86-1701,"Act, how cited.",Parental Rights in Social Media Act,Sections 86-1701 to 86-1705 shall be known and may be cited as the Parental Rights in Social Media Act.,https://nebraskalegislature.gov/laws/statutes.php?statute=86-1701
"86-2,117",Telecommunications service or IP-enabled voice service; prohibited acts; penalty; appeal.,Neighbor Spoofing Protection Act,(1) This section shall be known and may be cited as the Neighbor Spoofing Protection Act.,"https://nebraskalegislature.gov/laws/statutes.php?statute=86-2,117"
86-201,"Act, how cited.",Telephone Consumer Slamming Prevention Act,Sections 86-201 to 86-211 shall be known and may be cited as the Telephone Consumer Slamming Prevention Act.,https://nebraskalegislature.gov/laws/statutes.php?statute=86-201
86-212,"Act, how cited.",Telemarketing and Prize Promotions Act,Sections 86-212 to 86-235 shall be known and may be cited as the Telemarketing and Prize Promotions Act.,https://nebraskalegislature.gov/laws/statutes.php?statute=86-212
86-236,"Act, how cited.",Automatic Dialing-Announcing Devices Act,Sections 86-236 to 86-257 shall be known and may be cited as the Automatic Dialing-Announcing Devices Act.,https://nebraskalegislature.gov/laws/statutes.php?statute=86-236
86-258,"Act, how cited.",Intrastate Pay-Per-Call Regulation Act,Sections 86-258 to 86-270 shall be known and may be cited as the Intrastate Pay-Per-Call Regulation Act.,https://nebraskalegislature.gov/laws/statutes.php?statute=86-258
86-301,"Act, how cited.",Telecommunications Relay System Act,Sections 86-301 to 86-315 shall be known and may be cited as the Telecommunications Relay System Act.,https://nebraskalegislature.gov/laws/statutes.php?statute=86-301
86-316,"Act, how cited.",Nebraska Telecommunications Universal Service Fund Act,Sections 86-316 to 86-329 shall be known and may be cited as the Nebraska Telecommunications Universal Service Fund Act.,https://nebraskalegislature.gov/laws/statutes.php?statute=86-316
86-401,"Act, how cited.",Nebraska Public Safety Communication System Act,Sections 86-401 to 86-418 shall be known and may be cited as the Nebraska Public Safety Communication System Act.,https://nebraskalegislature.gov/laws/statutes.php?statute=86-401
"86-5,102","Act, how cited.",Broadband Internet Service Infrastructure Act,"Sections 86-5,102 to 86-5,108 shall be known and may be cited as the Broadband Internet Service Infrastructure Act.","https://nebraskalegislature.gov/laws/statutes.php?statute=86-5,102"
86-501,"Act, how cited.",Information Technology Infrastructure Act,Sections 86-501 to 86-530 shall be known and may be cited as the Information Technology Infrastructure Act.,https://nebraskalegislature.gov/laws/statutes.php?statute=86-501
86-550,"Act, how cited.",Intergovernmental Data Services Program Act,Sections 86-550 to 86-568 shall be known and may be cited as the Intergovernmental Data Services Program Act.,https://nebraskalegislature.gov/laws/statutes.php?statute=86-550
86-612,"Act, how cited.",Uniform Electronic Transactions Act,Sections 86-612 to 86-643 shall be known and may be cited as the Uniform Electronic Transactions Act.,https://nebraskalegislature.gov/laws/statutes.php?statute=86-612
86-801,"Act, how cited.",Kelsey Smith Act,Sections 86-801 to 86-807 shall be known and may be cited as the Kelsey Smith Act.,https://nebraskalegislature.gov/laws/statutes.php?statute=86-801
86-901,"Act, how cited.",Prepaid Wireless Surcharge Act,Sections 86-901 to 86-905 shall be known and may be cited as the Prepaid Wireless Surcharge Act.,https://nebraskalegislature.gov/laws/statutes.php?statute=86-901
87-1001,"Act, how cited.",Online Age Verification Liability Act,Sections 87-1001 to 87-1005 shall be known and may be cited as the Online Age Verification Liability Act.,https://nebraskalegislature.gov/laws/statutes.php?statute=87-1001
87-1101,"Act, how cited.",Data Privacy Act,Sections 87-1101 to 87-1130 shall be known and may be cited as the Data Privacy Act.,https://nebraskalegislature.gov/laws/statutes.php?statute=87-1101
87-126,"Act, how cited.",Trademark Registration Act,Sections 87-126 to 87-144 shall be known and may be cited as the Trademark Registration Act.,https://nebraskalegislature.gov/laws/statutes.php?statute=87-126
87-1301,"Act, how cited.",Age-Appropriate Online Design Code Act,Sections 87-1301 to 87-1309 shall be known and may be cited as the Age-Appropriate Online Design Code Act.,https://nebraskalegislature.gov/laws/statutes.php?statute=87-1301
87-306,"Act, how cited.",Uniform Deceptive Trade Practices Act,Sections 87-301 to 87-306 shall be known and may be cited as the Uniform Deceptive Trade Practices Act.,https://nebraskalegislature.gov/laws/statutes.php?statute=87-306
87-410,"Act, how cited.",Franchise Practices Act,Sections 87-401 to 87-410 shall be known and may be cited as the Franchise Practices Act.,https://nebraskalegislature.gov/laws/statutes.php?statute=87-410
87-501,"Act, how cited.",Trade Secrets Act,Sections 87-501 to 87-507 shall be known and may be cited as the Trade Secrets Act.,https://nebraskalegislature.gov/laws/statutes.php?statute=87-501
87-601,"Act, how cited.",Invention Development Services Disclosure Act,Sections 87-601 to 87-610 shall be known and may be cited as the Invention Development Services Disclosure Act.,https://nebraskalegislature.gov/laws/statutes.php?statute=87-601
87-701,"Act, how cited.",Equipment Business Regulation Act,Sections 87-701 to 87-711 shall be known and may be cited as the Equipment Business Regulation Act.,https://nebraskalegislature.gov/laws/statutes.php?statute=87-701
87-801,"Act, how cited.",Financial Data Protection and Consumer Notification of Data Security Breach Act of 2006,Sections 87-801 to 87-808 shall be known and may be cited as the Financial Data Protection and Consumer Notification of Data Security Breach Act of 2006.,https://nebraskalegislature.gov/laws/statutes.php?statute=87-801
87-901,"Act, how cited.",Genetic Information Privacy Act,Sections 87-901 to 87-904 shall be known and may be cited as the Genetic Information Privacy Act.,https://nebraskalegislature.gov/laws/statutes.php?statute=87-901
88-525,"Act, how cited.",Grain Warehouse Act,Sections 88-525 to 88-552 shall be known and may be cited as the Grain Warehouse Act.,https://nebraskalegislature.gov/laws/statutes.php?statute=88-525
89-182.01,"Act, how cited.",Weights and Measures Act,"01 to 89-1,103 shall be known and may be cited as the Weights and Measures Act.",https://nebraskalegislature.gov/laws/statutes.php?statute=89-182.01
90-301,"Act, how cited.",Nebraska State Capitol Environs Act,Sections 90-301 to 90-309 shall be known and may be cited as the Nebraska State Capitol Environs Act.,https://nebraskalegislature.gov/laws/statutes.php?statute=90-301
